time_s,ue_id,sat_id,beam_id,cell_id,tte_predicted_s,current_gain_dB,peak_gain_dB,admitted,trigger_type
0.000,8,37,0,38,47.53,25.00,28.00,1,a3
0.000,44,2,0,3,39.68,22.00,25.00,0,a3
1.000,8,2,0,3,44.99,25.00,28.00,1,a3
1.000,31,1,0,2,43.74,22.00,25.00,0,a3
2.000,47,38,0,39,31.63,22.00,25.00,1,a3
3.000,8,37,0,38,45.93,25.00,28.00,1,a3
3.000,47,38,0,39,31.62,22.00,25.00,0,a3
4.000,31,37,0,38,44.74,22.00,25.00,0,a3
5.000,31,37,0,38,45.50,25.00,28.00,1,a3
5.000,47,38,0,39,39.14,22.00,25.00,0,a3
7.000,31,37,0,38,46.73,25.00,28.00,1,a3
8.000,8,2,0,3,41.75,25.00,28.00,0,a3
8.000,33,37,0,38,46.60,25.00,28.00,1,a3
9.000,8,2,0,3,48.10,22.00,25.00,0,a3
10.000,8,2,0,3,45.11,22.00,25.00,0,a3
10.000,31,1,0,2,41.77,25.00,28.00,1,a3
11.000,8,2,0,3,45.75,22.00,25.00,1,a3
11.000,33,37,0,38,50.42,25.00,28.00,0,a3
13.000,31,37,0,38,43.02,25.00,28.00,1,a3
15.000,8,37,0,38,44.15,22.00,25.00,0,a3
16.000,31,37,0,38,45.49,25.00,28.00,1,a3
17.000,31,1,0,2,46.17,25.00,28.00,1,a3
17.000,33,37,0,38,53.19,25.00,28.00,1,a3
17.000,35,2,0,3,43.81,22.00,25.00,0,a3
19.000,8,37,0,38,40.78,22.00,25.00,1,a3
20.000,8,37,0,38,45.06,22.00,25.00,0,a3
21.000,8,37,0,38,45.23,22.00,25.00,0,a3
22.000,8,37,0,38,41.79,22.00,25.00,0,a3
23.000,31,1,0,2,50.03,25.00,28.00,1,a3
25.000,33,1,0,2,54.15,25.00,28.00,1,a3
26.000,8,37,0,38,41.50,22.00,25.00,0,a3
28.000,8,37,0,38,41.25,22.00,25.00,0,a3
28.000,44,2,0,3,37.41,22.00,25.00,0,a3
29.000,8,37,0,38,44.52,22.00,25.00,1,a3
30.000,8,2,0,3,42.83,22.00,25.00,0,a3
30.000,31,37,0,38,49.24,25.00,28.00,1,a3
31.000,8,2,0,3,41.05,22.00,25.00,0,a3
32.000,8,2,0,3,33.22,22.00,25.00,0,a3
32.000,31,1,0,2,52.16,25.00,28.00,1,a3
35.000,44,2,0,3,32.21,22.00,25.00,0,a3
35.000,47,38,0,39,25.58,18.00,21.00,0,a3
36.000,44,2,0,3,35.30,22.00,25.00,0,a3
37.000,33,37,0,38,51.95,25.00,28.00,1,a3
38.000,8,2,0,3,45.48,22.00,25.00,1,a3
38.000,31,1,0,2,52.37,25.00,28.00,1,a3
40.000,16,1,0,2,38.78,22.00,25.00,1,a3
40.000,31,37,0,38,50.15,25.00,28.00,1,a3
41.000,31,1,0,2,54.33,25.00,28.00,1,a3
42.000,44,2,0,3,35.02,22.00,25.00,0,a3
44.000,31,37,0,38,44.02,25.00,28.00,1,a3
47.000,8,2,0,3,32.81,22.00,25.00,1,a3
48.000,31,1,0,2,50.02,25.00,28.00,1,a3
48.000,44,2,0,3,39.14,22.00,25.00,1,a3
49.000,44,37,0,38,43.71,22.00,25.00,0,a3
52.000,44,37,0,38,42.06,22.00,25.00,0,a3
53.000,8,37,0,38,43.10,22.00,25.00,1,a3
53.000,33,1,0,2,64.36,25.00,28.00,1,a3
54.000,8,37,0,38,34.58,22.00,25.00,0,a3
54.000,13,37,0,38,27.64,18.00,21.00,0,a3
54.000,33,37,0,38,59.70,25.00,28.00,1,a3
55.000,8,37,0,38,39.17,22.00,25.00,0,a3
55.000,33,1,0,2,60.72,25.00,28.00,1,a3
56.000,8,2,0,3,34.99,22.00,25.00,0,a3
57.000,0,47,0,48,36.29,22.00,25.00,0,a3
57.000,8,2,0,3,35.81,22.00,25.00,0,a3
57.000,33,37,0,38,55.48,25.00,28.00,1,a3
58.000,0,2,0,3,41.07,22.00,25.00,1,a3
58.000,8,2,0,3,31.90,22.00,25.00,0,a3
59.000,8,2,0,3,39.15,22.00,25.00,0,a3
60.000,33,1,0,2,53.75,25.00,28.00,1,a3
61.000,0,47,0,48,32.31,22.00,25.00,0,a3
61.000,8,2,0,3,37.64,22.00,25.00,0,a3
62.000,8,2,0,3,37.39,22.00,25.00,0,a3
64.000,8,2,0,3,38.36,22.00,25.00,0,a3
64.000,33,37,0,38,61.24,25.00,28.00,1,a3
65.000,31,37,0,38,50.26,25.00,28.00,1,a3
65.000,33,1,0,2,63.40,25.00,28.00,1,a3
66.000,0,47,0,48,37.56,22.00,25.00,1,a3
66.000,8,37,0,38,40.18,22.00,25.00,0,a3
67.000,31,1,0,2,54.96,25.00,28.00,1,a3
68.000,0,2,0,3,38.50,22.00,25.00,0,a3
70.000,0,47,0,48,33.63,22.00,25.00,0,a3
71.000,0,47,0,48,41.83,22.00,25.00,0,a3
72.000,33,37,0,38,66.67,25.00,28.00,1,a3
72.000,36,47,0,48,32.15,22.00,25.00,0,a3
73.000,33,1,0,2,64.99,25.00,28.00,1,a3
74.000,0,2,0,3,41.79,22.00,25.00,0,a3
74.000,31,37,0,38,60.01,25.00,28.00,1,a3
74.000,36,47,0,48,39.10,22.00,25.00,0,a3
75.000,0,2,0,3,43.33,22.00,25.00,1,a3
76.000,33,37,0,38,68.39,28.00,31.00,1,a3
76.000,36,47,0,48,33.23,22.00,25.00,0,a3
77.000,36,47,0,48,29.64,22.00,25.00,1,a3
78.000,0,47,0,48,39.99,22.00,25.00,1,a3
78.000,1,36,0,37,36.05,22.00,25.00,0,a3
78.000,7,37,0,38,34.23,22.00,25.00,1,a3
79.000,0,47,0,48,38.60,22.00,25.00,0,a3
79.000,36,2,0,3,48.99,22.00,25.00,0,a3
80.000,0,47,0,48,35.58,22.00,25.00,0,a3
80.000,36,2,0,3,47.34,22.00,25.00,0,a3
81.000,0,2,0,3,43.97,22.00,25.00,0,a3
81.000,1,36,0,37,36.83,22.00,25.00,0,a3
81.000,33,1,0,2,61.68,28.00,31.00,1,a3
82.000,0,2,0,3,39.70,22.00,25.00,1,a3
82.000,36,47,0,48,31.19,22.00,25.00,0,a3
83.000,0,2,0,3,39.62,22.00,25.00,0,a3
83.000,0,13,0,14,35.20,18.00,21.00,0,a3
84.000,0,2,0,3,36.96,22.00,25.00,0,a3
85.000,31,1,0,2,60.09,28.00,31.00,1,a3
86.000,36,47,0,48,35.54,22.00,25.00,0,a3
87.000,1,36,0,37,33.61,22.00,25.00,1,a3
87.000,36,47,0,48,40.71,22.00,25.00,0,a3
88.000,0,47,0,48,40.10,22.00,25.00,0,a3
88.000,34,37,0,38,34.05,18.00,21.00,0,a3
88.000,36,47,0,48,29.54,22.00,25.00,0,a3
89.000,33,37,0,38,70.71,28.00,31.00,1,a3
91.000,0,47,0,48,40.81,22.00,25.00,0,a3
91.000,17,1,0,2,37.89,22.00,25.00,0,a3
91.000,36,47,0,48,35.30,22.00,25.00,0,a3
93.000,1,36,0,37,37.64,22.00,25.00,0,a3
94.000,0,47,0,48,43.47,22.00,25.00,0,a3
96.000,0,47,0,48,41.96,22.00,25.00,0,a3
96.000,2,47,0,48,36.71,18.00,21.00,0,a3
97.000,0,47,0,48,42.71,22.00,25.00,1,a3
97.000,34,37,0,38,34.44,22.00,25.00,0,a3
98.000,0,2,0,3,40.34,22.00,25.00,0,a3
99.000,0,2,0,3,42.87,22.00,25.00,0,a3
99.000,17,1,0,2,39.57,22.00,25.00,0,a3
99.000,36,47,0,48,35.90,22.00,25.00,0,a3
100.000,0,2,0,3,37.65,22.00,25.00,0,a3
100.000,36,47,0,48,42.82,22.00,25.00,0,a3
101.000,0,2,0,3,47.36,22.00,25.00,0,a3
101.000,36,47,0,48,42.40,22.00,25.00,0,a3
102.000,0,2,0,3,41.30,22.00,25.00,0,a3
102.000,16,1,0,2,47.52,25.00,28.00,1,a3
103.000,0,2,0,3,34.66,22.00,25.00,0,a3
103.000,27,37,0,38,35.26,18.00,21.00,0,a3
103.000,34,37,0,38,37.75,22.00,25.00,0,a3
104.000,0,2,0,3,41.45,22.00,25.00,0,a3
104.000,34,1,0,2,35.26,22.00,25.00,0,a3
104.000,36,47,0,48,37.34,22.00,25.00,0,a3
105.000,0,2,0,3,41.40,22.00,25.00,0,a3
105.000,16,37,0,38,48.09,25.00,28.00,1,a3
105.000,33,1,0,2,71.19,28.00,31.00,1,a3
105.000,36,47,0,48,41.05,22.00,25.00,0,a3
105.000,44,37,0,38,36.78,18.00,21.00,0,a3
106.000,0,2,0,3,41.28,22.00,25.00,0,a3
106.000,34,37,0,38,38.54,22.00,25.00,1,a3
107.000,16,1,0,2,47.58,25.00,28.00,1,a3
108.000,34,1,0,2,35.75,22.00,25.00,0,a3
109.000,0,47,0,48,39.68,22.00,25.00,1,a3
109.000,16,37,0,38,50.32,25.00,28.00,0,a3
109.000,34,1,0,2,36.45,22.00,25.00,0,a3
110.000,0,47,0,48,39.57,22.00,25.00,0,a3
111.000,28,36,0,37,34.38,22.00,25.00,0,a3
111.000,36,47,0,48,43.15,22.00,25.00,0,a3
112.000,0,47,0,48,42.41,22.00,25.00,1,a3
112.000,36,2,0,3,38.79,22.00,25.00,0,a3
113.000,17,1,0,2,36.09,22.00,25.00,1,a3
113.000,21,36,0,37,34.42,18.00,21.00,0,a3
113.000,28,36,0,37,37.89,22.00,25.00,0,a3
113.000,36,2,0,3,36.64,22.00,25.00,0,a3
114.000,0,2,0,3,38.47,22.00,25.00,0,a3
114.000,36,2,0,3,35.42,22.00,25.00,0,a3
115.000,0,2,0,3,38.94,22.00,25.00,0,a3
115.000,1,36,0,37,37.73,22.00,25.00,1,a3
116.000,1,2,0,3,47.28,25.00,28.00,1,a3
116.000,17,1,0,2,43.61,22.00,25.00,0,a3
116.000,21,36,0,37,33.84,22.00,25.00,0,a3
116.000,36,2,0,3,36.58,22.00,25.00,0,a3
117.000,7,37,0,38,49.53,25.00,28.00,1,a3
117.000,13,1,0,2,37.09,22.00,25.00,0,a3
117.000,28,36,0,37,44.03,22.00,25.00,0,a3
118.000,1,2,0,3,44.65,25.00,28.00,1,a3
118.000,27,37,0,38,33.97,22.00,25.00,0,a3
119.000,7,37,0,38,45.29,25.00,28.00,1,a3
119.000,13,1,0,2,37.09,22.00,25.00,0,a3
119.000,17,1,0,2,38.18,22.00,25.00,0,a3
119.000,27,37,0,38,33.48,22.00,25.00,0,a3
120.000,17,1,0,2,37.04,22.00,25.00,0,a3
120.000,36,2,0,3,38.47,22.00,25.00,0,a3
121.000,2,47,0,48,34.77,22.00,25.00,0,a3
121.000,7,37,0,38,48.81,25.00,28.00,1,a3
121.000,27,37,0,38,36.95,22.00,25.00,0,a3
121.000,36,2,0,3,44.54,22.00,25.00,0,a3
122.000,0,2,0,3,39.75,22.00,25.00,0,a3
122.000,2,47,0,48,36.57,22.00,25.00,0,a3
122.000,17,1,0,2,42.72,22.00,25.00,0,a3
122.000,26,1,0,2,40.53,22.00,25.00,0,a3
122.000,36,2,0,3,41.70,22.00,25.00,0,a3
123.000,0,2,0,3,33.36,22.00,25.00,0,a3
123.000,1,36,0,37,49.04,25.00,28.00,1,a3
123.000,2,47,0,48,33.33,22.00,25.00,0,a3
123.000,16,37,0,38,42.87,25.00,28.00,1,a3
123.000,17,37,0,38,42.86,22.00,25.00,0,a3
123.000,28,36,0,37,37.67,22.00,25.00,0,a3
123.000,33,37,0,38,82.58,30.00,33.00,1,a3
123.000,36,2,0,3,37.92,22.00,25.00,0,a3
124.000,2,47,0,48,36.94,22.00,25.00,0,a3
124.000,11,1,0,2,40.78,22.00,25.00,0,a3
124.000,16,1,0,2,57.63,25.00,28.00,1,a3
124.000,17,37,0,38,44.44,22.00,25.00,1,a3
124.000,36,2,0,3,40.04,22.00,25.00,0,a3
125.000,17,1,0,2,41.51,22.00,25.00,0,a3
125.000,28,36,0,37,48.76,22.00,25.00,0,a3
125.000,36,2,0,3,37.38,22.00,25.00,1,a3
126.000,2,47,0,48,39.23,22.00,25.00,0,a3
126.000,27,37,0,38,36.50,22.00,25.00,0,a3
126.000,28,36,0,37,40.35,22.00,25.00,0,a3
127.000,16,37,0,38,48.06,25.00,28.00,1,a3
127.000,21,36,0,37,35.84,22.00,25.00,0,a3
127.000,28,2,0,3,41.70,22.00,25.00,1,a3
128.000,2,47,0,48,36.19,22.00,25.00,0,a3
128.000,7,1,0,2,53.96,25.00,28.00,1,a3
128.000,17,1,0,2,41.28,22.00,25.00,0,a3
128.000,21,36,0,37,37.56,22.00,25.00,0,a3
128.000,28,36,0,37,45.70,22.00,25.00,0,a3
129.000,21,36,0,37,36.33,22.00,25.00,1,a3
129.000,27,37,0,38,37.25,22.00,25.00,0,a3
130.000,21,2,0,3,45.23,22.00,25.00,1,a3
130.000,27,37,0,38,39.34,22.00,25.00,0,a3
130.000,28,36,0,37,41.49,22.00,25.00,1,a3
130.000,36,2,0,3,37.72,22.00,25.00,0,a3
131.000,0,2,0,3,38.15,22.00,25.00,0,a3
131.000,21,2,0,3,37.12,22.00,25.00,1,a3
131.000,27,37,0,38,35.96,22.00,25.00,0,a3
132.000,2,2,0,3,38.21,22.00,25.00,0,a3
132.000,17,1,0,2,43.98,22.00,25.00,0,a3
132.000,27,37,0,38,37.35,22.00,25.00,0,a3
133.000,36,2,0,3,42.83,22.00,25.00,0,a3
134.000,11,1,0,2,32.12,22.00,25.00,0,a3
134.000,17,1,0,2,40.12,22.00,25.00,0,a3
134.000,28,2,0,3,38.08,22.00,25.00,0,a3
134.000,36,2,0,3,39.56,22.00,25.00,1,a3
135.000,11,37,0,38,48.70,25.00,28.00,1,a3
135.000,17,1,0,2,43.27,22.00,25.00,0,a3
135.000,27,37,0,38,40.36,22.00,25.00,1,a3
135.000,28,2,0,3,39.31,22.00,25.00,1,a3
136.000,7,37,0,38,50.41,25.00,28.00,1,a3
136.000,17,1,0,2,43.57,22.00,25.00,0,a3
136.000,21,36,0,37,43.94,22.00,25.00,1,a3
136.000,27,37,0,38,40.49,22.00,25.00,1,a3
136.000,28,36,0,37,43.50,22.00,25.00,0,a3
137.000,21,36,0,37,39.18,22.00,25.00,0,a3
137.000,28,36,0,37,46.18,22.00,25.00,0,a3
137.000,36,2,0,3,42.06,22.00,25.00,0,a3
138.000,4,47,0,48,30.90,22.00,25.00,0,a3
138.000,17,1,0,2,43.79,22.00,25.00,0,a3
138.000,21,36,0,37,36.76,22.00,25.00,0,a3
138.000,27,1,0,2,33.10,22.00,25.00,0,a3
138.000,28,36,0,37,39.84,22.00,25.00,0,a3
138.000,36,2,0,3,37.89,22.00,25.00,0,a3
139.000,4,2,0,3,39.28,22.00,25.00,0,a3
140.000,2,2,0,3,33.10,22.00,25.00,0,a3
140.000,17,1,0,2,41.37,22.00,25.00,0,a3
140.000,21,36,0,37,38.98,22.00,25.00,0,a3
140.000,27,37,0,38,42.94,22.00,25.00,0,a3
140.000,28,36,0,37,49.28,22.00,25.00,1,a3
141.000,4,2,0,3,35.09,22.00,25.00,0,a3
141.000,17,1,0,2,49.34,22.00,25.00,1,a3
141.000,21,2,0,3,38.06,22.00,25.00,0,a3
141.000,27,1,0,2,38.85,22.00,25.00,0,a3
141.000,28,2,0,3,41.30,22.00,25.00,0,a3
142.000,0,2,0,3,36.82,22.00,25.00,0,a3
142.000,4,2,0,3,34.76,22.00,25.00,0,a3
142.000,17,37,0,38,43.23,22.00,25.00,0,a3
142.000,21,36,0,37,39.69,22.00,25.00,0,a3
142.000,27,1,0,2,32.43,22.00,25.00,0,a3
142.000,28,36,0,37,42.47,22.00,25.00,0,a3
142.000,36,2,0,3,34.43,22.00,25.00,0,a3
143.000,4,2,0,3,31.31,22.00,25.00,0,a3
143.000,17,37,0,38,37.92,22.00,25.00,0,a3
143.000,21,36,0,37,42.62,22.00,25.00,0,a3
143.000,28,36,0,37,43.75,22.00,25.00,0,a3
143.000,36,2,0,3,38.14,22.00,25.00,0,a3
144.000,1,2,0,3,45.55,22.00,25.00,1,a3
144.000,17,1,0,2,42.35,22.00,25.00,1,a3
144.000,21,36,0,37,37.24,22.00,25.00,0,a3
144.000,27,1,0,2,31.53,22.00,25.00,1,a3
145.000,4,47,0,48,35.30,22.00,25.00,0,a3
145.000,21,36,0,37,34.88,22.00,25.00,0,a3
145.000,28,36,0,37,44.80,22.00,25.00,0,a3
146.000,1,36,0,37,48.19,25.00,28.00,0,a3
146.000,4,47,0,48,34.36,22.00,25.00,1,a3
146.000,28,36,0,37,45.69,22.00,25.00,0,a3
147.000,4,47,0,48,35.09,22.00,25.00,0,a3
147.000,28,36,0,37,46.89,22.00,25.00,1,a3
147.000,36,2,0,3,35.89,22.00,25.00,1,a3
148.000,4,47,0,48,37.78,22.00,25.00,0,a3
148.000,36,47,0,48,45.49,22.00,25.00,0,a3
148.000,44,1,0,2,29.17,18.00,21.00,0,a3
149.000,39,36,0,37,37.84,18.00,21.00,0,a3
150.000,21,36,0,37,37.22,22.00,25.00,0,a3
150.000,28,2,0,3,40.78,22.00,25.00,1,a3
150.000,36,47,0,48,45.70,22.00,25.00,0,a3
151.000,11,1,0,2,33.70,22.00,25.00,0,a3
151.000,28,2,0,3,37.12,22.00,25.00,0,a3
151.000,39,2,0,3,36.75,22.00,25.00,0,a3
152.000,4,47,0,48,36.66,22.00,25.00,0,a3
152.000,7,1,0,2,47.13,22.00,25.00,0,a3
152.000,21,36,0,37,41.33,22.00,25.00,0,a3
152.000,36,47,0,48,45.26,22.00,25.00,1,a3
152.000,39,36,0,37,31.07,22.00,25.00,0,a3
153.000,4,47,0,48,33.49,22.00,25.00,0,a3
153.000,21,36,0,37,31.17,22.00,25.00,0,a3
153.000,36,2,0,3,39.53,22.00,25.00,0,a3
154.000,4,47,0,48,34.92,22.00,25.00,0,a3
155.000,21,36,0,37,40.44,22.00,25.00,0,a3
155.000,28,2,0,3,36.58,22.00,25.00,0,a3
156.000,21,36,0,37,36.31,22.00,25.00,0,a3
156.000,24,1,0,2,38.77,18.00,21.00,0,a3
156.000,28,2,0,3,40.28,22.00,25.00,0,a3
157.000,4,47,0,48,34.46,22.00,25.00,0,a3
157.000,21,36,0,37,42.50,22.00,25.00,0,a3
157.000,39,2,0,3,36.48,22.00,25.00,0,a3
158.000,4,2,0,3,31.41,22.00,25.00,0,a3
158.000,17,37,0,38,35.33,22.00,25.00,0,a3
158.000,21,36,0,37,41.89,22.00,25.00,1,a3
158.000,36,2,0,3,34.63,22.00,25.00,0,a3
159.000,4,2,0,3,33.27,22.00,25.00,0,a3
159.000,21,36,0,37,39.49,22.00,25.00,1,a3
159.000,26,1,0,2,44.21,22.00,25.00,1,a3
159.000,39,36,0,37,32.74,22.00,25.00,0,a3
160.000,4,47,0,48,33.95,22.00,25.00,0,a3
161.000,39,2,0,3,33.03,22.00,25.00,0,a3
163.000,21,2,0,3,38.18,22.00,25.00,0,a3
164.000,46,1,0,2,27.70,18.00,21.00,0,a3
165.000,11,1,0,2,33.12,22.00,25.00,0,a3
165.000,36,2,0,3,35.67,22.00,25.00,0,a3
167.000,11,1,0,2,38.63,22.00,25.00,0,a3
167.000,26,1,0,2,39.83,25.00,28.00,1,a3
168.000,21,2,0,3,37.37,22.00,25.00,1,a3
168.000,26,37,0,38,50.57,25.00,28.00,1,a3
169.000,26,1,0,2,52.00,25.00,28.00,1,a3
169.000,32,1,0,2,32.06,22.00,25.00,0,a3
170.000,26,37,0,38,48.88,25.00,28.00,1,a3
171.000,21,2,0,3,31.62,22.00,25.00,0,a3
171.000,26,37,0,38,50.38,25.00,28.00,1,a3
173.000,11,1,0,2,34.46,22.00,25.00,0,a3
174.000,11,1,0,2,33.27,22.00,25.00,0,a3
175.000,26,37,0,38,46.70,25.00,28.00,1,a3
177.000,11,1,0,2,35.30,22.00,25.00,0,a3
177.000,20,1,0,2,25.67,22.00,25.00,0,a3
177.000,26,37,0,38,50.64,25.00,28.00,1,a3
178.000,8,1,0,2,37.81,22.00,25.00,0,a3
178.000,11,1,0,2,32.52,22.00,25.00,0,a3
178.000,20,1,0,2,33.05,22.00,25.00,0,a3
178.000,25,1,0,2,55.98,25.00,28.00,1,a3
179.000,11,1,0,2,34.85,22.00,25.00,0,a3
180.000,11,1,0,2,41.01,22.00,25.00,0,a3
180.000,20,1,0,2,36.30,22.00,25.00,0,a3
180.000,38,1,0,2,35.86,18.00,21.00,0,a3
181.000,11,1,0,2,37.39,22.00,25.00,1,a3
181.000,20,37,0,38,41.06,22.00,25.00,1,a3
182.000,11,1,0,2,38.40,22.00,25.00,0,a3
182.000,20,1,0,2,38.56,22.00,25.00,0,a3
183.000,20,1,0,2,39.46,22.00,25.00,0,a3
183.000,25,37,0,38,63.40,25.00,28.00,1,a3
184.000,11,1,0,2,30.90,22.00,25.00,0,a3
186.000,3,37,0,38,28.92,22.00,25.00,0,a3
186.000,20,1,0,2,34.94,22.00,25.00,0,a3
186.000,26,1,0,2,49.61,25.00,28.00,1,a3
187.000,11,1,0,2,37.50,22.00,25.00,0,a3
187.000,20,1,0,2,33.38,22.00,25.00,0,a3
188.000,3,37,0,38,32.42,22.00,25.00,0,a3
188.000,11,1,0,2,35.91,22.00,25.00,0,a3
188.000,25,1,0,2,57.48,25.00,28.00,1,a3
189.000,20,37,0,38,41.41,22.00,25.00,0,a3
190.000,20,37,0,38,40.20,22.00,25.00,0,a3
191.000,11,1,0,2,36.24,22.00,25.00,0,a3
191.000,20,37,0,38,36.79,22.00,25.00,0,a3
191.000,25,37,0,38,59.97,25.00,28.00,1,a3
192.000,3,37,0,38,35.66,22.00,25.00,0,a3
192.000,20,37,0,38,39.09,22.00,25.00,0,a3
192.000,25,1,0,2,61.34,25.00,28.00,1,a3
192.000,26,37,0,38,47.15,25.00,28.00,1,a3
193.000,20,37,0,38,39.57,22.00,25.00,0,a3
193.000,40,1,0,2,35.98,22.00,25.00,0,a3
194.000,3,37,0,38,30.30,22.00,25.00,0,a3
194.000,11,1,0,2,37.34,22.00,25.00,0,a3
195.000,11,37,0,38,39.22,22.00,25.00,0,a3
195.000,26,1,0,2,50.06,25.00,28.00,1,a3
196.000,3,37,0,38,26.51,22.00,25.00,0,a3
196.000,20,37,0,38,35.31,22.00,25.00,0,a3
197.000,3,37,0,38,29.14,22.00,25.00,0,a3
197.000,11,37,0,38,44.11,22.00,25.00,1,a3
198.000,3,37,0,38,38.82,22.00,25.00,0,a3
198.000,20,1,0,2,36.82,22.00,25.00,0,a3
198.000,24,1,0,2,31.76,22.00,25.00,0,a3
199.000,20,1,0,2,42.12,22.00,25.00,0,a3
199.000,25,37,0,38,53.77,25.00,28.00,1,a3
200.000,11,1,0,2,40.19,22.00,25.00,0,a3
201.000,11,1,0,2,37.68,22.00,25.00,0,a3
201.000,20,1,0,2,39.00,22.00,25.00,0,a3
202.000,11,1,0,2,41.14,22.00,25.00,1,a3
203.000,25,1,0,2,57.16,25.00,28.00,1,a3
203.000,26,37,0,38,44.78,22.00,25.00,0,a3
203.000,38,37,0,38,37.62,22.00,25.00,0,a3
204.000,3,1,0,2,33.43,22.00,25.00,0,a3
204.000,20,1,0,2,33.73,22.00,25.00,0,a3
205.000,3,37,0,38,38.42,22.00,25.00,1,a3
206.000,11,1,0,2,34.59,22.00,25.00,1,a3
206.000,20,1,0,2,39.04,22.00,25.00,0,a3
208.000,3,1,0,2,33.80,22.00,25.00,0,a3
208.000,11,37,0,38,44.87,22.00,25.00,0,a3
209.000,11,37,0,38,47.54,22.00,25.00,0,a3
210.000,11,37,0,38,38.89,22.00,25.00,0,a3
210.000,22,36,0,37,35.48,22.00,25.00,0,a3
211.000,22,36,0,37,38.81,22.00,25.00,0,a3
211.000,24,37,0,38,33.93,18.00,21.00,0,a3
213.000,11,37,0,38,39.20,22.00,25.00,0,a3
214.000,20,1,0,2,36.40,22.00,25.00,1,a3
214.000,25,37,0,38,51.38,25.00,28.00,1,a3
215.000,11,37,0,38,37.23,22.00,25.00,0,a3
215.000,26,37,0,38,38.87,22.00,25.00,0,a3
217.000,20,37,0,38,34.80,22.00,25.00,0,a3
217.000,25,1,0,2,60.22,25.00,28.00,1,a3
218.000,11,1,0,2,36.20,22.00,25.00,1,a3
218.000,40,36,0,37,34.22,22.00,25.00,0,a3
219.000,11,37,0,38,40.37,22.00,25.00,0,a3
219.000,20,1,0,2,40.15,22.00,25.00,0,a3
220.000,11,37,0,38,34.93,22.00,25.00,1,a3
220.000,20,37,0,38,37.85,22.00,25.00,0,a3
221.000,11,1,0,2,39.15,22.00,25.00,0,a3
222.000,11,1,0,2,35.32,22.00,25.00,0,a3
223.000,20,37,0,38,36.99,22.00,25.00,0,a3
223.000,22,1,0,2,28.43,22.00,25.00,0,a3
223.000,40,36,0,37,31.75,22.00,25.00,0,a3
224.000,11,1,0,2,34.71,22.00,25.00,0,a3
224.000,20,37,0,38,35.17,22.00,25.00,0,a3
224.000,22,1,0,2,33.76,22.00,25.00,0,a3
225.000,10,1,0,2,57.48,25.00,28.00,1,a3
225.000,22,1,0,2,34.04,22.00,25.00,0,a3
225.000,25,37,0,38,45.96,25.00,28.00,1,a3
225.000,40,36,0,37,40.06,22.00,25.00,0,a3
226.000,11,1,0,2,37.32,22.00,25.00,0,a3
226.000,22,1,0,2,34.84,22.00,25.00,0,a3
226.000,40,36,0,37,35.11,22.00,25.00,0,a3
227.000,11,1,0,2,41.47,22.00,25.00,0,a3
227.000,25,37,0,38,51.10,25.00,28.00,1,a3
228.000,22,1,0,2,37.27,22.00,25.00,0,a3
228.000,40,36,0,37,38.04,22.00,25.00,1,a3
229.000,25,1,0,2,56.37,25.00,28.00,1,a3
229.000,40,1,0,2,41.82,22.00,25.00,0,a3
230.000,40,36,0,37,35.90,22.00,25.00,0,a3
231.000,11,1,0,2,41.49,22.00,25.00,0,a3
231.000,25,37,0,38,49.89,25.00,28.00,1,a3
232.000,8,36,0,37,33.98,22.00,25.00,1,a3
232.000,40,36,0,37,43.18,22.00,25.00,0,a3
233.000,8,1,0,2,43.97,22.00,25.00,0,a3
234.000,8,1,0,2,44.92,22.00,25.00,0,a3
234.000,22,1,0,2,36.93,22.00,25.00,0,a3
235.000,8,36,0,37,34.72,22.00,25.00,0,a3
235.000,11,37,0,38,33.33,22.00,25.00,0,a3
236.000,8,1,0,2,44.79,22.00,25.00,1,a3
236.000,11,37,0,38,38.86,22.00,25.00,1,a3
236.000,22,1,0,2,34.61,22.00,25.00,0,a3
236.000,40,1,0,2,37.69,22.00,25.00,0,a3
237.000,11,1,0,2,40.86,22.00,25.00,0,a3
238.000,8,36,0,37,38.78,22.00,25.00,0,a3
238.000,11,37,0,38,39.40,22.00,25.00,0,a3
238.000,22,1,0,2,34.86,22.00,25.00,0,a3
238.000,25,37,0,38,48.69,25.00,28.00,1,a3
239.000,11,37,0,38,35.68,22.00,25.00,0,a3
239.000,25,37,0,38,48.98,25.00,28.00,1,a3
240.000,11,37,0,38,39.68,22.00,25.00,0,a3
241.000,11,1,0,2,36.49,22.00,25.00,0,a3
241.000,22,1,0,2,36.39,22.00,25.00,0,a3
241.000,40,36,0,37,35.30,22.00,25.00,0,a3
242.000,11,1,0,2,32.85,22.00,25.00,0,a3
242.000,22,1,0,2,37.13,22.00,25.00,0,a3
243.000,22,1,0,2,41.14,22.00,25.00,1,a3
244.000,40,36,0,37,38.40,22.00,25.00,0,a3
245.000,22,36,0,37,39.41,22.00,25.00,0,a3
245.000,40,36,0,37,39.13,22.00,25.00,0,a3
246.000,11,37,0,38,36.79,22.00,25.00,0,a3
246.000,25,1,0,2,52.14,25.00,28.00,1,a3
246.000,40,36,0,37,41.47,22.00,25.00,0,a3
246.000,43,36,0,37,34.32,22.00,25.00,0,a3
246.000,47,0,0,1,30.05,22.00,25.00,0,a3
247.000,22,36,0,37,37.19,22.00,25.00,0,a3
247.000,40,36,0,37,35.88,22.00,25.00,0,a3
247.000,47,0,0,1,32.59,22.00,25.00,0,a3
248.000,22,36,0,37,35.29,22.00,25.00,0,a3
249.000,22,36,0,37,44.65,22.00,25.00,0,a3
249.000,47,0,0,1,33.82,22.00,25.00,0,a3
250.000,11,1,0,2,33.94,22.00,25.00,0,a3
250.000,47,0,0,1,37.39,22.00,25.00,0,a3
251.000,22,36,0,37,44.86,22.00,25.00,0,a3
251.000,43,36,0,37,34.85,22.00,25.00,0,a3
252.000,10,37,0,38,49.60,25.00,28.00,1,a3
252.000,11,37,0,38,33.71,22.00,25.00,0,a3
252.000,43,1,0,2,48.88,22.00,25.00,0,a3
252.000,47,0,0,1,38.23,22.00,25.00,0,a3
253.000,11,37,0,38,36.77,22.00,25.00,0,a3
253.000,40,36,0,37,40.86,22.00,25.00,1,a3
253.000,43,1,0,2,43.82,22.00,25.00,1,a3
254.000,10,1,0,2,52.94,25.00,28.00,1,a3
254.000,40,1,0,2,41.52,22.00,25.00,1,a3
254.000,43,36,0,37,40.01,22.00,25.00,0,a3
255.000,26,37,0,38,38.80,22.00,25.00,0,a3
255.000,40,36,0,37,44.56,22.00,25.00,1,a3
255.000,43,36,0,37,34.63,22.00,25.00,0,a3
255.000,47,0,0,1,37.78,22.00,25.00,0,a3
256.000,25,37,0,38,47.94,22.00,25.00,0,a3
256.000,43,36,0,37,38.46,22.00,25.00,0,a3
257.000,44,36,0,37,33.99,22.00,25.00,1,a3
257.000,47,37,0,38,34.02,22.00,25.00,0,a3
258.000,22,1,0,2,46.38,22.00,25.00,0,a3
258.000,40,36,0,37,38.00,22.00,25.00,0,a3
259.000,22,1,0,2,42.45,22.00,25.00,0,a3
259.000,40,36,0,37,40.17,22.00,25.00,1,a3
259.000,43,36,0,37,40.31,22.00,25.00,0,a3
259.000,47,0,0,1,34.20,22.00,25.00,0,a3
260.000,22,36,0,37,45.28,22.00,25.00,1,a3
260.000,25,37,0,38,40.10,22.00,25.00,1,a3
260.000,47,37,0,38,36.49,22.00,25.00,1,a3
261.000,22,1,0,2,40.00,22.00,25.00,0,a3
261.000,40,1,0,2,45.94,22.00,25.00,1,a3
261.000,47,37,0,38,33.17,22.00,25.00,0,a3
262.000,22,36,0,37,45.78,22.00,25.00,0,a3
262.000,40,1,0,2,46.36,22.00,25.00,0,a3
263.000,22,36,0,37,42.36,22.00,25.00,0,a3
263.000,31,37,0,38,43.28,22.00,25.00,0,a3
263.000,43,36,0,37,35.68,22.00,25.00,0,a3
264.000,22,36,0,37,47.14,22.00,25.00,1,a3
264.000,40,1,0,2,47.60,22.00,25.00,1,a3
264.000,47,37,0,38,35.30,22.00,25.00,0,a3
265.000,10,37,0,38,38.11,22.00,25.00,1,a3
265.000,22,36,0,37,47.23,22.00,25.00,0,a3
265.000,43,36,0,37,41.99,22.00,25.00,0,a3
266.000,22,36,0,37,42.74,22.00,25.00,0,a3
267.000,22,36,0,37,48.61,22.00,25.00,0,a3
267.000,47,0,0,1,38.78,22.00,25.00,0,a3
269.000,25,37,0,38,45.76,22.00,25.00,1,a3
270.000,22,1,0,2,39.64,22.00,25.00,0,a3
270.000,43,36,0,37,45.18,22.00,25.00,0,a3
271.000,10,37,0,38,47.89,22.00,25.00,0,a3
271.000,22,1,0,2,33.48,22.00,25.00,0,a3
271.000,47,0,0,1,41.53,22.00,25.00,0,a3
272.000,22,1,0,2,37.50,22.00,25.00,0,a3
273.000,43,36,0,37,41.71,22.00,25.00,1,a3
274.000,43,1,0,2,44.86,22.00,25.00,0,a3
275.000,43,1,0,2,46.40,22.00,25.00,0,a3
275.000,47,37,0,38,43.75,22.00,25.00,0,a3
276.000,25,37,0,38,43.80,22.00,25.00,0,a3
276.000,43,1,0,2,43.68,22.00,25.00,1,a3
277.000,10,37,0,38,44.39,22.00,25.00,1,a3
277.000,47,0,0,1,42.97,22.00,25.00,0,a3
278.000,10,37,0,38,37.87,22.00,25.00,0,a3
278.000,47,0,0,1,37.68,22.00,25.00,0,a3
279.000,43,36,0,37,44.94,22.00,25.00,1,a3
279.000,47,0,0,1,37.61,22.00,25.00,0,a3
280.000,10,37,0,38,43.29,22.00,25.00,0,a3
280.000,25,37,0,38,37.78,22.00,25.00,0,a3
280.000,43,36,0,37,42.05,22.00,25.00,0,a3
282.000,8,36,0,37,45.38,22.00,25.00,0,a3
282.000,43,1,0,2,41.47,22.00,25.00,0,a3
282.000,44,36,0,37,47.18,22.00,25.00,0,a3
283.000,39,1,0,2,38.36,22.00,25.00,0,a3
283.000,43,1,0,2,41.25,22.00,25.00,1,a3
283.000,47,0,0,1,38.79,22.00,25.00,0,a3
284.000,10,37,0,38,42.20,22.00,25.00,0,a3
284.000,47,0,0,1,39.68,22.00,25.00,0,a3
285.000,43,36,0,37,40.50,22.00,25.00,0,a3
286.000,10,37,0,38,42.38,22.00,25.00,1,a3
286.000,22,1,0,2,35.63,22.00,25.00,0,a3
286.000,25,37,0,38,37.66,22.00,25.00,1,a3
286.000,43,36,0,37,45.71,22.00,25.00,0,a3
286.000,47,0,0,1,39.03,22.00,25.00,0,a3
287.000,31,37,0,38,36.64,22.00,25.00,0,a3
287.000,43,1,0,2,41.74,25.00,28.00,1,a3
288.000,10,1,0,2,40.66,22.00,25.00,0,a3
288.000,22,1,0,2,44.25,22.00,25.00,0,a3
288.000,43,36,0,37,39.89,22.00,25.00,1,a3
288.000,47,0,0,1,37.12,22.00,25.00,0,a3
289.000,10,1,0,2,44.77,22.00,25.00,1,a3
292.000,43,36,0,37,49.47,22.00,25.00,1,a3
292.000,47,0,0,1,40.72,22.00,25.00,1,a3
293.000,10,1,0,2,43.86,22.00,25.00,0,a3
294.000,10,1,0,2,47.57,22.00,25.00,0,a3
294.000,25,37,0,38,37.25,22.00,25.00,0,a3
294.000,40,36,0,37,42.31,25.00,28.00,1,a3
294.000,47,37,0,38,36.60,22.00,25.00,1,a3
295.000,10,1,0,2,51.18,22.00,25.00,0,a3
295.000,31,37,0,38,37.60,22.00,25.00,0,a3
295.000,42,36,0,37,39.06,18.00,21.00,0,a3
295.000,47,0,0,1,45.65,22.00,25.00,1,a3
296.000,10,1,0,2,46.97,22.00,25.00,0,a3
296.000,47,37,0,38,42.04,22.00,25.00,0,a3
297.000,10,37,0,38,33.72,22.00,25.00,0,a3
297.000,22,1,0,2,47.33,22.00,25.00,1,a3
297.000,43,36,0,37,43.77,25.00,28.00,0,a3
298.000,21,1,0,2,40.35,22.00,25.00,0,a3
298.000,47,37,0,38,41.31,22.00,25.00,0,a3
299.000,47,37,0,38,45.48,22.00,25.00,0,a3
300.000,40,1,0,2,51.93,25.00,28.00,1,a3
301.000,40,36,0,37,51.60,25.00,28.00,1,a3
301.000,47,37,0,38,41.07,22.00,25.00,1,a3
302.000,32,36,0,37,35.90,22.00,25.00,0,a3
302.000,47,37,0,38,33.10,22.00,25.00,1,a3
303.000,43,36,0,37,47.42,25.00,28.00,1,a3
303.000,47,37,0,38,36.28,22.00,25.00,1,a3
304.000,10,37,0,38,44.09,22.00,25.00,0,a3
305.000,10,37,0,38,39.04,22.00,25.00,0,a3
305.000,25,37,0,38,37.23,22.00,25.00,0,a3
305.000,32,36,0,37,32.86,22.00,25.00,0,a3
305.000,47,0,0,1,42.14,22.00,25.00,1,a3
306.000,25,37,0,38,36.53,22.00,25.00,0,a3
306.000,32,36,0,37,37.99,22.00,25.00,0,a3
306.000,43,1,0,2,46.25,25.00,28.00,1,a3
306.000,47,0,0,1,41.87,22.00,25.00,0,a3
307.000,47,0,0,1,42.86,22.00,25.00,1,a3
308.000,10,37,0,38,34.69,22.00,25.00,0,a3
308.000,22,1,0,2,41.25,22.00,25.00,1,a3
308.000,32,36,0,37,35.29,22.00,25.00,0,a3
308.000,47,37,0,38,32.19,22.00,25.00,0,a3
309.000,10,37,0,38,35.88,22.00,25.00,1,a3
309.000,43,1,0,2,46.22,25.00,28.00,1,a3
312.000,10,37,0,38,36.87,22.00,25.00,0,a3
312.000,47,37,0,38,43.51,22.00,25.00,1,a3
313.000,10,37,0,38,35.23,22.00,25.00,0,a3
313.000,32,36,0,37,42.65,22.00,25.00,0,a3
313.000,40,1,0,2,51.95,25.00,28.00,1,a3
313.000,47,37,0,38,41.33,22.00,25.00,1,a3
314.000,10,37,0,38,35.11,22.00,25.00,0,a3
314.000,22,1,0,2,44.82,25.00,28.00,1,a3
314.000,32,36,0,37,36.82,22.00,25.00,0,a3
314.000,40,36,0,37,51.41,25.00,28.00,1,a3
314.000,47,0,0,1,45.60,22.00,25.00,1,a3
315.000,10,37,0,38,32.31,22.00,25.00,0,a3
315.000,32,36,0,37,34.10,22.00,25.00,0,a3
316.000,43,36,0,37,49.18,25.00,28.00,1,a3
316.000,47,37,0,38,45.51,22.00,25.00,0,a3
317.000,10,37,0,38,32.42,22.00,25.00,0,a3
318.000,32,36,0,37,39.25,22.00,25.00,1,a3
319.000,47,37,0,38,41.99,22.00,25.00,0,a3
320.000,32,36,0,37,40.02,22.00,25.00,0,a3
320.000,47,0,0,1,41.84,22.00,25.00,0,a3
322.000,22,36,0,37,55.10,25.00,28.00,1,a3
322.000,47,0,0,1,50.20,22.00,25.00,0,a3
323.000,32,36,0,37,35.17,22.00,25.00,0,a3
323.000,42,36,0,37,33.31,22.00,25.00,0,a3
324.000,47,0,0,1,44.93,22.00,25.00,0,a3
325.000,32,1,0,2,38.54,22.00,25.00,0,a3
325.000,42,36,0,37,38.96,22.00,25.00,0,a3
326.000,32,1,0,2,43.47,22.00,25.00,0,a3
326.000,42,36,0,37,38.89,22.00,25.00,0,a3
326.000,43,1,0,2,45.31,25.00,28.00,1,a3
327.000,47,0,0,1,44.46,25.00,28.00,1,a3
328.000,32,1,0,2,41.33,22.00,25.00,0,a3
328.000,42,1,0,2,37.62,22.00,25.00,0,a3
329.000,39,1,0,2,40.02,22.00,25.00,1,a3
329.000,42,1,0,2,43.75,22.00,25.00,0,a3
329.000,47,0,0,1,41.97,25.00,28.00,1,a3
330.000,32,36,0,37,39.46,22.00,25.00,0,a3
330.000,42,1,0,2,43.51,22.00,25.00,1,a3
330.000,47,0,0,1,41.30,25.00,28.00,0,a3
331.000,47,0,0,1,47.21,25.00,28.00,1,a3
332.000,43,36,0,37,53.04,25.00,28.00,1,a3
334.000,42,36,0,37,43.08,22.00,25.00,0,a3
335.000,32,36,0,37,46.64,22.00,25.00,0,a3
335.000,42,36,0,37,32.57,22.00,25.00,0,a3
337.000,42,36,0,37,36.73,22.00,25.00,0,a3
337.000,47,37,0,38,39.92,22.00,25.00,1,a3
338.000,32,36,0,37,38.02,22.00,25.00,0,a3
339.000,32,1,0,2,50.84,22.00,25.00,0,a3
339.000,48,0,0,1,35.04,22.00,25.00,0,a3
340.000,32,1,0,2,53.16,22.00,25.00,0,a3
340.000,43,1,0,2,53.49,25.00,28.00,1,a3
341.000,32,1,0,2,43.50,22.00,25.00,1,a3
341.000,48,37,0,38,35.21,22.00,25.00,0,a3
342.000,48,0,0,1,35.24,22.00,25.00,0,a3
343.000,32,1,0,2,42.44,22.00,25.00,0,a3
343.000,48,0,0,1,28.13,22.00,25.00,0,a3
344.000,32,36,0,37,40.65,22.00,25.00,0,a3
344.000,39,1,0,2,52.22,25.00,28.00,1,a3
346.000,43,36,0,37,57.21,25.00,28.00,0,a3
347.000,32,1,0,2,44.81,22.00,25.00,0,a3
347.000,39,1,0,2,49.95,25.00,28.00,1,a3
347.000,48,0,0,1,34.04,22.00,25.00,0,a3
348.000,32,1,0,2,45.08,22.00,25.00,1,a3
348.000,43,36,0,37,54.07,25.00,28.00,1,a3
349.000,32,36,0,37,44.33,22.00,25.00,1,a3
349.000,47,37,0,38,43.42,22.00,25.00,0,a3
350.000,32,36,0,37,41.11,22.00,25.00,0,a3
350.000,48,0,0,1,33.99,22.00,25.00,0,a3
351.000,39,36,0,37,52.81,25.00,28.00,1,a3
351.000,48,0,0,1,42.04,22.00,25.00,1,a3
352.000,48,37,0,38,36.07,22.00,25.00,0,a3
353.000,21,1,0,2,49.94,25.00,28.00,1,a3
353.000,32,36,0,37,47.67,22.00,25.00,1,a3
353.000,48,0,0,1,38.18,22.00,25.00,0,a3
355.000,32,36,0,37,50.59,22.00,25.00,0,a3
356.000,32,36,0,37,43.12,25.00,28.00,1,a3
357.000,32,36,0,37,40.68,25.00,28.00,1,a3
357.000,42,36,0,37,36.93,22.00,25.00,0,a3
358.000,48,0,0,1,35.42,22.00,25.00,0,a3
360.000,48,0,0,1,32.02,22.00,25.00,0,a3
362.000,41,0,0,1,43.14,22.00,25.00,1,a3
363.000,48,0,0,1,33.46,22.00,25.00,0,a3
364.000,15,0,0,1,40.54,22.00,25.00,0,a3
364.000,48,0,0,1,39.17,22.00,25.00,0,a3
365.000,38,0,0,1,36.30,22.00,25.00,0,a3
365.000,48,0,0,1,40.52,22.00,25.00,0,a3
366.000,32,1,0,2,41.16,22.00,25.00,1,a3
366.000,38,37,0,38,32.54,22.00,25.00,0,a3
366.000,48,0,0,1,40.68,22.00,25.00,0,a3
367.000,32,36,0,37,45.74,25.00,28.00,1,a3
368.000,32,36,0,37,50.57,25.00,28.00,1,a3
368.000,38,37,0,38,39.56,22.00,25.00,0,a3
369.000,48,0,0,1,41.07,22.00,25.00,1,a3
370.000,7,0,0,1,45.64,22.00,25.00,0,a3
370.000,38,37,0,38,32.04,22.00,25.00,0,a3
370.000,48,37,0,38,42.11,22.00,25.00,1,a3
371.000,21,1,0,2,48.47,25.00,28.00,1,a3
371.000,38,37,0,38,31.58,22.00,25.00,0,a3
371.000,48,0,0,1,39.06,22.00,25.00,0,a3
373.000,38,37,0,38,37.28,22.00,25.00,0,a3
373.000,39,1,0,2,53.52,25.00,28.00,1,a3
373.000,48,0,0,1,37.16,22.00,25.00,0,a3
374.000,38,37,0,38,40.58,22.00,25.00,0,a3
375.000,38,37,0,38,36.94,22.00,25.00,0,a3
375.000,48,0,0,1,39.49,22.00,25.00,0,a3
377.000,21,36,0,37,51.24,25.00,28.00,1,a3
377.000,48,0,0,1,37.61,22.00,25.00,0,a3
378.000,38,37,0,38,33.89,22.00,25.00,0,a3
378.000,48,0,0,1,39.52,22.00,25.00,0,a3
379.000,1,1,0,2,41.01,22.00,25.00,1,a3
379.000,34,0,0,1,36.73,22.00,25.00,0,a3
379.000,48,0,0,1,44.52,22.00,25.00,1,a3
380.000,1,36,0,37,61.83,25.00,28.00,1,a3
380.000,39,36,0,37,48.55,25.00,28.00,1,a3
381.000,21,1,0,2,50.03,25.00,28.00,1,a3
381.000,39,1,0,2,52.72,25.00,28.00,1,a3
381.000,48,37,0,38,37.04,22.00,25.00,0,a3
382.000,26,36,0,37,30.95,22.00,25.00,0,a3
383.000,26,36,0,37,33.95,22.00,25.00,0,a3
384.000,28,1,0,2,41.88,25.00,28.00,1,a3
384.000,38,37,0,38,35.10,22.00,25.00,0,a3
384.000,39,36,0,37,48.22,25.00,28.00,1,a3
384.000,48,37,0,38,35.93,22.00,25.00,0,a3
385.000,21,36,0,37,54.93,25.00,28.00,1,a3
385.000,28,36,0,37,57.77,25.00,28.00,1,a3
385.000,48,37,0,38,37.39,22.00,25.00,1,a3
386.000,38,37,0,38,33.34,22.00,25.00,0,a3
387.000,26,36,0,37,37.46,22.00,25.00,0,a3
388.000,48,37,0,38,35.47,22.00,25.00,0,a3
390.000,21,1,0,2,61.81,25.00,28.00,1,a3
390.000,39,1,0,2,58.63,25.00,28.00,1,a3
390.000,48,37,0,38,41.79,22.00,25.00,0,a3
392.000,35,36,0,37,66.50,28.00,31.00,1,a3
392.000,48,37,0,38,35.40,22.00,25.00,0,a3
393.000,48,37,0,38,33.34,22.00,25.00,0,a3
395.000,26,36,0,37,38.39,22.00,25.00,0,a3
395.000,35,1,0,2,76.52,28.00,31.00,1,a3
395.000,48,37,0,38,40.00,22.00,25.00,0,a3
397.000,35,36,0,37,67.64,28.00,31.00,1,a3
398.000,1,1,0,2,45.31,22.00,25.00,1,a3
399.000,1,36,0,37,57.39,25.00,28.00,1,a3
399.000,35,1,0,2,76.20,28.00,31.00,1,a3
399.000,48,37,0,38,35.96,22.00,25.00,0,a3
401.000,1,1,0,2,46.15,22.00,25.00,1,a3
401.000,34,0,0,1,36.56,22.00,25.00,1,a3
403.000,15,0,0,1,41.06,22.00,25.00,0,a3
403.000,34,0,0,1,39.79,22.00,25.00,0,a3
403.000,48,37,0,38,33.60,22.00,25.00,0,a3
404.000,1,36,0,37,48.93,25.00,28.00,1,a3
404.000,48,0,0,1,39.48,22.00,25.00,0,a3
405.000,48,37,0,38,39.40,22.00,25.00,0,a3
406.000,34,0,0,1,38.25,22.00,25.00,1,a3
407.000,7,0,0,1,46.29,25.00,28.00,0,a3
407.000,17,36,0,37,44.20,25.00,28.00,1,a3
407.000,35,36,0,37,69.41,28.00,31.00,1,a3
410.000,7,0,0,1,42.73,25.00,28.00,1,a3
410.000,35,1,0,2,67.03,28.00,31.00,1,a3
411.000,35,36,0,37,72.44,28.00,31.00,1,a3
412.000,17,1,0,2,62.14,25.00,28.00,1,a3
412.000,35,1,0,2,66.77,28.00,31.00,1,a3
412.000,47,37,0,38,42.21,22.00,25.00,0,a3
413.000,7,37,0,38,49.78,25.00,28.00,1,a3
413.000,48,37,0,38,39.13,22.00,25.00,0,a3
414.000,1,1,0,2,44.75,25.00,28.00,1,a3
414.000,35,36,0,37,74.72,28.00,31.00,1,a3
415.000,7,37,0,38,49.40,25.00,28.00,1,a3
415.000,27,0,0,1,67.90,28.00,31.00,1,a3
416.000,35,1,0,2,73.08,28.00,31.00,1,a3
418.000,1,1,0,2,41.33,25.00,28.00,1,a3
418.000,28,1,0,2,56.52,25.00,28.00,1,a3
418.000,35,36,0,37,72.34,28.00,31.00,1,a3
419.000,17,36,0,37,54.37,25.00,28.00,1,a3
419.000,34,0,0,1,42.88,22.00,25.00,0,a3
420.000,1,36,0,37,49.11,25.00,28.00,1,a3
420.000,34,0,0,1,41.57,22.00,25.00,0,a3
421.000,28,36,0,37,55.15,25.00,28.00,1,a3
421.000,34,0,0,1,41.79,22.00,25.00,1,a3
422.000,28,1,0,2,56.39,25.00,28.00,1,a3
422.000,34,37,0,38,42.49,22.00,25.00,0,a3
422.000,47,37,0,38,46.48,22.00,25.00,0,a3
423.000,7,0,0,1,46.66,25.00,28.00,1,a3
423.000,34,37,0,38,38.65,22.00,25.00,1,a3
424.000,7,37,0,38,42.89,25.00,28.00,1,a3
424.000,17,36,0,37,56.88,25.00,28.00,1,a3
424.000,34,37,0,38,42.84,22.00,25.00,1,a3
425.000,29,0,0,1,28.92,22.00,25.00,0,a3
425.000,34,0,0,1,42.23,22.00,25.00,0,a3
426.000,7,37,0,38,45.98,25.00,28.00,1,a3
426.000,17,1,0,2,54.22,25.00,28.00,1,a3
427.000,1,1,0,2,53.74,25.00,28.00,1,a3
427.000,34,0,0,1,39.43,22.00,25.00,0,a3
428.000,17,36,0,37,47.76,25.00,28.00,1,a3
428.000,34,0,0,1,39.32,22.00,25.00,1,a3
429.000,7,0,0,1,55.14,25.00,28.00,1,a3
429.000,16,36,0,37,31.22,22.00,25.00,0,a3
430.000,15,0,0,1,43.58,22.00,25.00,0,a3
430.000,16,36,0,37,34.26,22.00,25.00,0,a3
430.000,17,1,0,2,50.06,25.00,28.00,1,a3
430.000,34,37,0,38,41.91,22.00,25.00,1,a3
432.000,1,1,0,2,52.26,25.00,28.00,1,a3
432.000,16,1,0,2,36.89,22.00,25.00,0,a3
433.000,34,37,0,38,41.14,22.00,25.00,0,a3
434.000,1,36,0,37,45.99,25.00,28.00,1,a3
435.000,34,37,0,38,46.58,22.00,25.00,1,a3
436.000,15,0,0,1,40.52,22.00,25.00,0,a3
436.000,16,1,0,2,38.55,22.00,25.00,0,a3
437.000,41,0,0,1,49.17,25.00,28.00,1,a3
438.000,15,0,0,1,39.42,22.00,25.00,0,a3
438.000,34,37,0,38,38.40,22.00,25.00,0,a3
438.000,41,37,0,38,49.21,25.00,28.00,1,a3
440.000,7,37,0,38,41.37,22.00,25.00,0,a3
440.000,34,37,0,38,39.00,22.00,25.00,0,a3
440.000,41,0,0,1,45.49,25.00,28.00,1,a3
441.000,16,36,0,37,36.30,22.00,25.00,0,a3
441.000,34,37,0,38,46.88,22.00,25.00,0,a3
442.000,16,36,0,37,33.09,22.00,25.00,0,a3
442.000,34,37,0,38,39.02,22.00,25.00,1,a3
442.000,41,37,0,38,43.99,25.00,28.00,1,a3
443.000,34,37,0,38,44.61,22.00,25.00,1,a3
445.000,16,1,0,2,37.38,22.00,25.00,0,a3
445.000,34,37,0,38,38.22,22.00,25.00,0,a3
446.000,1,36,0,37,45.11,22.00,25.00,0,a3
447.000,15,0,0,1,40.18,22.00,25.00,0,a3
447.000,16,1,0,2,35.16,22.00,25.00,0,a3
448.000,15,0,0,1,44.74,22.00,25.00,1,a3
448.000,16,1,0,2,39.23,22.00,25.00,0,a3
448.000,34,37,0,38,42.31,22.00,25.00,0,a3
449.000,15,0,0,1,45.05,22.00,25.00,0,a3
450.000,2,1,0,2,36.79,22.00,25.00,0,a3
450.000,16,36,0,37,44.57,22.00,25.00,0,a3
450.000,34,37,0,38,41.39,22.00,25.00,0,a3
452.000,34,37,0,38,41.79,22.00,25.00,0,a3
453.000,34,37,0,38,39.48,22.00,25.00,0,a3
454.000,16,36,0,37,41.96,22.00,25.00,1,a3
454.000,17,36,0,37,55.08,25.00,28.00,1,a3
454.000,34,37,0,38,46.91,22.00,25.00,0,a3
455.000,34,0,0,1,46.97,22.00,25.00,1,a3
455.000,35,1,0,2,57.31,25.00,28.00,1,a3
456.000,35,36,0,37,80.48,28.00,31.00,1,a3
457.000,34,0,0,1,48.43,22.00,25.00,0,a3
457.000,41,37,0,38,45.65,25.00,28.00,1,a3
458.000,34,0,0,1,40.22,22.00,25.00,1,a3
458.000,41,0,0,1,43.36,25.00,28.00,0,a3
458.000,47,37,0,38,43.05,22.00,25.00,0,a3
459.000,0,47,0,48,35.15,18.00,21.00,0,a3
459.000,34,0,0,1,46.22,22.00,25.00,0,a3
459.000,41,0,0,1,45.81,25.00,28.00,1,a3
460.000,28,36,0,37,46.32,22.00,25.00,1,a3
460.000,34,0,0,1,45.32,22.00,25.00,1,a3
461.000,28,1,0,2,63.60,25.00,28.00,1,a3
461.000,34,0,0,1,48.83,22.00,25.00,0,a3
462.000,34,0,0,1,44.49,22.00,25.00,0,a3
463.000,34,0,0,1,42.61,22.00,25.00,0,a3
465.000,15,0,0,1,42.00,22.00,25.00,0,a3
466.000,34,0,0,1,46.96,22.00,25.00,1,a3
466.000,47,37,0,38,44.22,22.00,25.00,0,a3
467.000,15,0,0,1,42.35,22.00,25.00,0,a3
467.000,41,37,0,38,47.83,22.00,25.00,0,a3
470.000,15,0,0,1,45.16,22.00,25.00,1,a3
471.000,15,37,0,38,46.00,22.00,25.00,0,a3
471.000,34,37,0,38,39.85,22.00,25.00,0,a3
473.000,15,37,0,38,45.03,22.00,25.00,0,a3
474.000,34,37,0,38,38.94,22.00,25.00,0,a3
475.000,15,37,0,38,44.22,22.00,25.00,0,a3
476.000,15,37,0,38,46.41,22.00,25.00,0,a3
477.000,41,37,0,38,42.36,22.00,25.00,0,a3
478.000,15,0,0,1,42.50,22.00,25.00,0,a3
479.000,15,0,0,1,45.07,22.00,25.00,0,a3
480.000,15,0,0,1,38.44,22.00,25.00,0,a3
481.000,15,37,0,38,40.35,22.00,25.00,1,a3
482.000,15,37,0,38,41.54,22.00,25.00,0,a3
483.000,15,37,0,38,40.88,22.00,25.00,0,a3
484.000,15,37,0,38,42.89,22.00,25.00,0,a3
484.000,44,36,0,37,50.70,25.00,28.00,1,a3
485.000,15,37,0,38,36.55,22.00,25.00,0,a3
485.000,41,37,0,38,41.39,22.00,25.00,0,a3
486.000,15,37,0,38,42.50,22.00,25.00,0,a3
487.000,41,37,0,38,40.36,22.00,25.00,1,a3
488.000,15,0,0,1,43.75,22.00,25.00,0,a3
489.000,15,0,0,1,40.56,22.00,25.00,0,a3
490.000,15,0,0,1,38.86,22.00,25.00,0,a3
491.000,15,0,0,1,38.72,22.00,25.00,0,a3
491.000,33,36,0,37,34.25,22.00,25.00,0,a3
492.000,1,36,0,37,35.64,22.00,25.00,0,a3
492.000,15,0,0,1,42.92,22.00,25.00,0,a3
493.000,15,0,0,1,39.80,22.00,25.00,0,a3
493.000,44,1,0,2,56.29,25.00,28.00,1,a3
494.000,15,37,0,38,44.51,22.00,25.00,0,a3
494.000,31,36,0,37,32.72,22.00,25.00,0,a3
494.000,33,36,0,37,35.88,22.00,25.00,0,a3
495.000,33,36,0,37,35.56,22.00,25.00,0,a3
496.000,31,36,0,37,35.47,22.00,25.00,0,a3
497.000,15,0,0,1,39.90,22.00,25.00,1,a3
497.000,36,12,0,13,28.99,18.00,21.00,0,a3
498.000,15,37,0,38,35.56,22.00,25.00,0,a3
499.000,33,36,0,37,33.94,22.00,25.00,1,a3
499.000,44,36,0,37,51.75,25.00,28.00,1,a3
500.000,2,12,0,13,37.06,18.00,21.00,0,a3
500.000,31,0,0,1,32.89,22.00,25.00,0,a3
500.000,33,0,0,1,42.82,22.00,25.00,0,a3
501.000,15,37,0,38,35.74,22.00,25.00,0,a3
501.000,31,0,0,1,32.54,22.00,25.00,0,a3
501.000,41,37,0,38,38.80,22.00,25.00,0,a3
502.000,15,37,0,38,42.42,22.00,25.00,0,a3
502.000,44,36,0,37,54.53,25.00,28.00,1,a3
503.000,31,0,0,1,33.51,22.00,25.00,0,a3
504.000,31,0,0,1,36.60,22.00,25.00,0,a3
504.000,47,37,0,38,33.17,22.00,25.00,0,a3
505.000,15,37,0,38,42.86,22.00,25.00,0,a3
506.000,8,36,0,37,51.66,25.00,28.00,1,a3
506.000,15,37,0,38,42.03,22.00,25.00,0,a3
506.000,31,36,0,37,35.18,22.00,25.00,0,a3
506.000,44,1,0,2,50.95,25.00,28.00,1,a3
506.000,47,37,0,38,35.42,22.00,25.00,0,a3
507.000,31,36,0,37,39.70,22.00,25.00,0,a3
508.000,8,1,0,2,57.46,25.00,28.00,1,a3
508.000,15,37,0,38,37.55,22.00,25.00,1,a3
508.000,31,0,0,1,36.60,22.00,25.00,0,a3
509.000,33,36,0,37,37.40,22.00,25.00,0,a3
510.000,15,0,0,1,39.10,22.00,25.00,0,a3
510.000,33,36,0,37,38.21,22.00,25.00,0,a3
510.000,41,37,0,38,42.04,22.00,25.00,0,a3
511.000,15,0,0,1,41.75,22.00,25.00,0,a3
513.000,15,0,0,1,44.60,22.00,25.00,0,a3
513.000,33,36,0,37,40.86,22.00,25.00,1,a3
514.000,31,0,0,1,33.31,22.00,25.00,0,a3
514.000,41,37,0,38,36.13,22.00,25.00,0,a3
514.000,44,1,0,2,55.60,25.00,28.00,1,a3
515.000,15,0,0,1,40.00,22.00,25.00,1,a3
515.000,31,0,0,1,33.31,22.00,25.00,0,a3
515.000,44,1,0,2,57.12,25.00,28.00,1,a3
516.000,31,0,0,1,36.18,22.00,25.00,0,a3
516.000,44,36,0,37,51.47,25.00,28.00,1,a3
517.000,31,0,0,1,40.07,22.00,25.00,0,a3
517.000,44,1,0,2,51.18,25.00,28.00,1,a3
518.000,15,37,0,38,35.77,22.00,25.00,0,a3
519.000,15,37,0,38,37.95,22.00,25.00,1,a3
519.000,31,0,0,1,32.24,22.00,25.00,0,a3
519.000,44,36,0,37,51.13,25.00,28.00,1,a3
520.000,15,0,0,1,44.09,22.00,25.00,0,a3
520.000,44,1,0,2,52.80,25.00,28.00,1,a3
520.000,47,37,0,38,31.20,22.00,25.00,1,a3
521.000,15,0,0,1,38.78,22.00,25.00,0,a3
521.000,31,0,0,1,39.64,22.00,25.00,0,a3
522.000,15,0,0,1,40.11,22.00,25.00,0,a3
522.000,31,0,0,1,35.78,22.00,25.00,0,a3
522.000,44,36,0,37,45.26,25.00,28.00,1,a3
523.000,31,0,0,1,32.63,22.00,25.00,0,a3
524.000,15,0,0,1,48.41,22.00,25.00,0,a3
525.000,31,36,0,37,40.20,22.00,25.00,0,a3
528.000,0,1,0,2,39.20,22.00,25.00,0,a3
528.000,15,0,0,1,39.93,22.00,25.00,0,a3
528.000,31,36,0,37,36.13,22.00,25.00,0,a3
529.000,0,1,0,2,35.55,22.00,25.00,0,a3
529.000,15,0,0,1,41.61,22.00,25.00,0,a3
529.000,31,36,0,37,35.88,22.00,25.00,0,a3
529.000,44,1,0,2,47.76,25.00,28.00,1,a3
530.000,44,36,0,37,47.53,25.00,28.00,1,a3
531.000,0,1,0,2,37.91,22.00,25.00,0,a3
531.000,15,0,0,1,45.20,22.00,25.00,0,a3
531.000,31,0,0,1,37.61,22.00,25.00,0,a3
532.000,0,12,0,13,44.31,22.00,25.00,1,a3
532.000,15,37,0,38,34.22,22.00,25.00,0,a3
532.000,31,0,0,1,40.83,22.00,25.00,1,a3
533.000,8,36,0,37,45.61,25.00,28.00,1,a3
533.000,15,37,0,38,39.14,22.00,25.00,0,a3
533.000,44,1,0,2,47.60,25.00,28.00,1,a3
534.000,31,36,0,37,41.41,22.00,25.00,0,a3
535.000,8,1,0,2,53.30,25.00,28.00,1,a3
536.000,15,37,0,38,35.28,22.00,25.00,0,a3
536.000,31,36,0,37,43.14,22.00,25.00,0,a3
537.000,8,36,0,37,49.30,22.00,25.00,0,a3
537.000,44,1,0,2,45.25,25.00,28.00,0,a3
538.000,44,1,0,2,50.65,25.00,28.00,1,a3
539.000,15,0,0,1,46.45,22.00,25.00,0,a3
539.000,31,36,0,37,41.07,22.00,25.00,0,a3
540.000,15,0,0,1,39.77,22.00,25.00,1,a3
541.000,0,1,0,2,34.53,22.00,25.00,1,a3
541.000,15,37,0,38,41.75,22.00,25.00,0,a3
541.000,31,36,0,37,34.98,22.00,25.00,0,a3
542.000,31,0,0,1,38.43,22.00,25.00,0,a3
543.000,15,37,0,38,36.84,22.00,25.00,0,a3
543.000,31,0,0,1,42.50,22.00,25.00,0,a3
544.000,31,0,0,1,38.82,22.00,25.00,0,a3
545.000,15,0,0,1,43.99,22.00,25.00,0,a3
545.000,22,1,0,2,33.84,22.00,25.00,0,a3
545.000,44,36,0,37,49.17,25.00,28.00,0,a3
546.000,15,0,0,1,39.47,22.00,25.00,0,a3
546.000,44,36,0,37,43.10,25.00,28.00,1,a3
547.000,0,12,0,13,38.11,22.00,25.00,0,a3
548.000,8,36,0,37,41.08,22.00,25.00,0,a3
548.000,15,37,0,38,29.76,22.00,25.00,0,a3
550.000,0,12,0,13,36.09,22.00,25.00,0,a3
550.000,31,0,0,1,41.08,22.00,25.00,0,a3
550.000,44,1,0,2,46.95,22.00,25.00,0,a3
551.000,44,1,0,2,44.00,22.00,25.00,0,a3
552.000,0,12,0,13,38.86,22.00,25.00,0,a3
553.000,8,36,0,37,40.32,22.00,25.00,1,a3
553.000,31,0,0,1,46.90,22.00,25.00,0,a3
554.000,44,1,0,2,42.14,22.00,25.00,0,a3
555.000,31,0,0,1,48.01,22.00,25.00,1,a3
556.000,31,36,0,37,42.43,22.00,25.00,0,a3
556.000,36,12,0,13,40.10,18.00,21.00,0,a3
556.000,44,1,0,2,42.51,22.00,25.00,0,a3
557.000,31,36,0,37,42.67,22.00,25.00,0,a3
557.000,44,36,0,37,52.69,22.00,25.00,0,a3
558.000,31,36,0,37,40.01,22.00,25.00,0,a3
559.000,0,12,0,13,40.60,22.00,25.00,0,a3
559.000,44,36,0,37,42.99,22.00,25.00,0,a3
560.000,0,12,0,13,30.51,22.00,25.00,1,a3
560.000,22,1,0,2,40.39,22.00,25.00,0,a3
560.000,44,36,0,37,43.14,22.00,25.00,1,a3
561.000,0,1,0,2,29.80,22.00,25.00,0,a3
561.000,8,36,0,37,38.51,22.00,25.00,1,a3
561.000,31,36,0,37,37.26,22.00,25.00,0,a3
561.000,33,36,0,37,51.01,25.00,28.00,1,a3
561.000,44,36,0,37,42.67,22.00,25.00,1,a3
562.000,8,1,0,2,46.62,22.00,25.00,0,a3
562.000,10,0,0,1,42.44,22.00,25.00,0,a3
562.000,31,36,0,37,41.27,22.00,25.00,0,a3
563.000,0,12,0,13,36.53,22.00,25.00,0,a3
563.000,8,1,0,2,47.04,22.00,25.00,0,a3
563.000,33,0,0,1,61.24,25.00,28.00,1,a3
564.000,31,36,0,37,42.74,22.00,25.00,0,a3
564.000,44,36,0,37,38.87,22.00,25.00,0,a3
565.000,0,1,0,2,33.81,22.00,25.00,1,a3
565.000,8,36,0,37,43.60,22.00,25.00,1,a3
565.000,44,36,0,37,37.61,22.00,25.00,0,a3
566.000,31,36,0,37,46.78,22.00,25.00,1,a3
566.000,44,36,0,37,43.67,22.00,25.00,0,a3
567.000,0,12,0,13,38.28,22.00,25.00,0,a3
567.000,44,36,0,37,44.67,22.00,25.00,0,a3
568.000,35,1,0,2,34.64,22.00,25.00,1,a3
568.000,44,36,0,37,36.59,22.00,25.00,0,a3
569.000,0,1,0,2,42.59,22.00,25.00,0,a3
569.000,44,36,0,37,37.30,22.00,25.00,0,a3
570.000,8,36,0,37,37.37,22.00,25.00,0,a3
570.000,44,36,0,37,38.72,22.00,25.00,0,a3
571.000,0,1,0,2,35.00,22.00,25.00,0,a3
571.000,2,12,0,13,31.00,18.00,21.00,0,a3
571.000,8,36,0,37,41.23,22.00,25.00,0,a3
571.000,31,36,0,37,44.13,22.00,25.00,0,a3
571.000,44,36,0,37,45.57,22.00,25.00,0,a3
572.000,8,36,0,37,37.10,22.00,25.00,0,a3
572.000,44,36,0,37,45.39,22.00,25.00,0,a3
573.000,8,36,0,37,36.19,22.00,25.00,1,a3
573.000,44,36,0,37,44.98,22.00,25.00,0,a3
574.000,8,1,0,2,43.03,22.00,25.00,0,a3
574.000,44,36,0,37,40.13,22.00,25.00,0,a3
575.000,8,1,0,2,44.95,22.00,25.00,0,a3
575.000,44,36,0,37,45.63,22.00,25.00,0,a3
577.000,0,1,0,2,29.86,22.00,25.00,0,a3
577.000,8,1,0,2,42.33,22.00,25.00,0,a3
577.000,31,36,0,37,35.29,22.00,25.00,0,a3
577.000,44,36,0,37,43.28,22.00,25.00,0,a3
578.000,0,1,0,2,33.77,22.00,25.00,0,a3
578.000,8,1,0,2,44.69,22.00,25.00,0,a3
580.000,0,1,0,2,37.78,22.00,25.00,0,a3
580.000,44,36,0,37,43.60,22.00,25.00,0,a3
581.000,0,1,0,2,37.29,22.00,25.00,0,a3
581.000,16,0,0,1,31.93,22.00,25.00,0,a3
582.000,0,1,0,2,39.61,22.00,25.00,0,a3
582.000,8,36,0,37,37.54,22.00,25.00,1,a3
582.000,44,36,0,37,38.27,22.00,25.00,0,a3
583.000,0,12,0,13,40.05,22.00,25.00,0,a3
583.000,8,1,0,2,39.26,22.00,25.00,0,a3
584.000,8,1,0,2,38.96,22.00,25.00,0,a3
585.000,8,1,0,2,41.51,22.00,25.00,1,a3
586.000,8,36,0,37,37.01,22.00,25.00,0,a3
586.000,44,36,0,37,42.15,22.00,25.00,1,a3
587.000,8,36,0,37,43.82,22.00,25.00,0,a3
588.000,8,1,0,2,42.78,22.00,25.00,0,a3
588.000,44,1,0,2,38.07,22.00,25.00,0,a3
590.000,0,12,0,13,40.69,22.00,25.00,0,a3
591.000,8,36,0,37,38.38,22.00,25.00,0,a3
592.000,8,36,0,37,39.41,22.00,25.00,1,a3
592.000,44,1,0,2,36.92,22.00,25.00,0,a3
593.000,0,12,0,13,34.64,22.00,25.00,0,a3
593.000,8,1,0,2,38.33,22.00,25.00,0,a3
593.000,44,36,0,37,36.88,22.00,25.00,0,a3
594.000,0,1,0,2,32.67,22.00,25.00,0,a3
594.000,8,36,0,37,34.08,22.00,25.00,0,a3
594.000,44,36,0,37,38.97,22.00,25.00,0,a3
595.000,8,36,0,37,36.55,22.00,25.00,0,a3
595.000,44,36,0,37,42.34,22.00,25.00,0,a3
596.000,8,36,0,37,40.58,22.00,25.00,1,a3
596.000,44,36,0,37,36.22,22.00,25.00,0,a3
597.000,0,1,0,2,38.40,22.00,25.00,0,a3
597.000,8,1,0,2,32.50,22.00,25.00,0,a3
598.000,44,36,0,37,35.77,22.00,25.00,0,a3
