time_s,ue_id,source_cell,target_cell,source_sat,target_sat,source_beam,target_beam,algorithm,sinr_before_dB,sinr_after_dB,tte_predicted_s,time_of_stay_s,success,ping_pong,ue_lat,ue_lon,ue_speed_mps,mobility_type,elevation_before,elevation_after,failure_reason
0.000,8,3,38,2,37,0,0,tte-aware,-3.79,-0.24,47.53,1000.00,1,0,56.332579,4.752331,0.0,static,31.7,31.3,
1.000,31,38,2,37,1,0,0,tte-aware,-6.22,-4.04,39.54,1001.00,1,0,42.112497,5.702948,0.5,pedestrian,29.5,29.1,
5.000,44,38,3,37,2,0,0,tte-aware,-6.35,-4.80,47.23,1005.00,1,0,55.257673,3.858768,82.0,hst,34.7,27.1,
20.000,44,3,38,2,37,0,0,tte-aware,-5.48,-0.46,45.23,15.00,1,0,55.268315,3.863996,82.0,hst,24.6,31.9,
21.000,8,38,3,37,2,0,0,tte-aware,-7.48,-4.46,42.41,21.00,1,0,56.332579,4.752331,0.0,static,27.9,27.6,
22.000,31,2,38,1,37,0,0,tte-aware,-4.10,0.31,51.78,21.00,1,0,42.112404,5.702979,0.5,pedestrian,33.3,32.3,
27.000,33,2,38,1,37,0,0,tte-aware,-5.51,0.03,53.34,1027.00,1,0,39.432590,-3.521291,0.0,static,39.9,35.8,
39.000,31,38,2,37,1,0,0,tte-aware,-5.01,-2.19,54.80,17.00,1,0,42.112329,5.703004,0.5,pedestrian,34.5,37.2,
45.000,8,3,38,2,37,0,0,tte-aware,-9.43,-4.39,38.72,24.00,1,0,56.332579,4.752331,0.0,static,23.6,24.3,
45.000,9,3,38,2,37,0,0,tte-aware,-100.00,-15.13,0.00,1045.00,1,0,49.961199,19.638143,0.0,static,0.0,14.1,
48.000,44,38,3,37,2,0,0,tte-aware,-8.47,-4.93,31.54,28.00,1,0,55.288182,3.873761,82.0,hst,27.1,20.5,
53.000,33,38,2,37,1,0,0,tte-aware,-4.55,1.85,58.50,26.00,1,0,39.432590,-3.521291,0.0,static,42.8,45.2,
65.000,44,3,38,2,37,0,0,tte-aware,-10.98,-4.47,37.04,17.00,1,0,55.300243,3.879691,82.0,hst,18.3,24.5,
66.000,0,3,48,2,47,0,0,tte-aware,-6.05,-4.75,42.04,1066.00,1,0,64.887392,35.953442,0.0,static,25.0,21.1,
66.000,31,2,38,1,37,0,0,tte-aware,-4.57,-1.55,54.08,27.00,1,0,42.112211,5.703044,0.5,pedestrian,44.3,37.5,
73.000,16,38,2,37,1,0,0,tte-aware,-6.57,-4.17,44.48,1073.00,1,0,46.613744,6.872435,27.6,vehicular,36.5,27.9,
74.000,33,2,38,1,37,0,0,tte-aware,-0.53,4.49,72.17,21.00,1,0,39.432590,-3.521291,0.0,static,49.0,49.6,
75.000,36,3,48,2,47,0,0,tte-aware,-7.91,-4.71,39.07,1075.00,1,0,64.292113,33.594093,33.0,vehicular,26.1,20.4,
79.000,7,2,38,1,37,0,0,tte-aware,-5.36,-4.04,38.02,1079.00,1,0,32.902036,-2.622221,0.0,static,44.3,24.3,
81.000,31,38,2,37,1,0,0,tte-aware,-4.27,-0.78,65.31,15.00,1,0,42.112145,5.703066,0.5,pedestrian,38.7,48.8,
86.000,23,0,2,4294967295,1,0,0,tte-aware,-100.00,-15.68,0.00,1086.00,0,0,43.826342,25.874869,1.1,pedestrian,0.0,10.0,LowSINR
87.000,23,0,2,4294967295,1,0,0,tte-aware,-100.00,-15.09,0.00,1087.00,0,0,43.826350,25.874861,1.1,pedestrian,0.0,10.0,LowSINR
88.000,23,0,2,4294967295,1,0,0,tte-aware,-100.00,-14.29,0.00,1088.00,0,0,43.826358,25.874853,1.1,pedestrian,0.0,10.1,LowSINR
89.000,23,0,2,4294967295,1,0,0,tte-aware,-100.00,-15.47,0.00,1089.00,0,0,43.826367,25.874845,1.1,pedestrian,0.0,10.1,LowSINR
89.000,33,38,2,37,1,0,0,tte-aware,2.22,8.45,69.17,15.00,1,0,39.432590,-3.521291,0.0,static,55.2,51.1,
90.000,0,48,3,47,2,0,0,tte-aware,-9.97,-3.96,43.95,24.00,1,0,64.887392,35.953442,0.0,static,24.2,24.7,
90.000,23,0,2,4294967295,1,0,0,tte-aware,-100.00,-18.64,0.00,1090.00,0,0,43.826375,25.874838,1.1,pedestrian,0.0,10.2,LowSINR
91.000,23,0,2,4294967295,1,0,0,tte-aware,-100.00,-17.48,0.00,1091.00,1,0,43.826383,25.874830,1.1,pedestrian,0.0,10.2,
91.000,36,48,3,47,2,0,0,tte-aware,-8.04,-4.40,43.63,16.00,1,0,64.296713,33.596793,33.0,vehicular,22.2,25.6,
93.000,16,2,38,1,37,0,0,tte-aware,-4.48,3.75,53.95,20.00,1,0,46.608937,6.870712,27.6,vehicular,31.7,34.8,
94.000,7,38,2,37,1,0,0,tte-aware,-7.28,0.23,61.36,15.00,1,0,32.902036,-2.622221,0.0,static,26.9,40.9,
97.000,34,2,38,1,37,0,0,tte-aware,-10.99,-4.65,38.18,1097.00,1,0,31.153740,-10.283049,79.9,hst,21.0,20.2,
105.000,0,3,48,2,47,0,0,tte-aware,-10.40,-4.09,43.36,15.00,1,0,64.887392,35.953442,0.0,static,24.3,26.2,
105.000,33,2,38,1,37,0,0,tte-aware,1.44,5.59,76.43,16.00,1,0,39.432590,-3.521291,0.0,static,52.4,62.0,
109.000,16,38,2,37,1,0,0,tte-aware,-7.00,-0.98,47.86,16.00,1,0,46.605092,6.869334,27.6,vehicular,33.1,35.1,
111.000,36,3,48,2,47,0,0,tte-aware,-10.40,-3.63,37.76,20.00,1,0,64.302462,33.600169,33.0,vehicular,24.7,24.6,
111.000,45,2,38,1,37,0,0,tte-aware,-100.00,-11.83,0.00,1111.00,0,0,31.677464,-18.552253,1.5,pedestrian,0.0,14.5,LowSINR
112.000,45,2,38,1,37,0,0,tte-aware,-100.00,-14.36,0.00,1112.00,1,0,31.677459,-18.552238,1.5,pedestrian,0.0,14.6,
114.000,1,3,37,2,36,0,0,tte-aware,-5.54,-2.98,50.03,1114.00,1,0,64.963583,-5.837723,2.3,pedestrian,31.2,28.5,
117.000,17,38,2,37,1,0,0,tte-aware,-6.85,-4.90,38.08,1117.00,1,0,51.116304,1.715085,32.8,vehicular,28.8,24.1,
121.000,18,38,2,37,1,0,0,tte-aware,-100.00,-19.88,0.00,1121.00,0,0,52.607283,18.867684,1.7,pedestrian,0.0,12.7,LowSINR
122.000,18,38,2,37,1,0,0,tte-aware,-100.00,-15.98,0.00,1122.00,0,0,52.607276,18.867706,1.7,pedestrian,0.0,12.8,LowSINR
123.000,7,2,38,1,37,0,0,tte-aware,-3.58,-0.44,49.21,29.00,1,0,32.902036,-2.622221,0.0,static,34.7,32.6,
123.000,18,38,2,37,1,0,0,tte-aware,-100.00,-15.41,0.00,1123.00,0,0,52.607269,18.867728,1.7,pedestrian,0.0,12.8,LowSINR
124.000,18,38,2,37,1,0,0,tte-aware,-100.00,-12.39,0.00,1124.00,1,0,52.607261,18.867751,1.7,pedestrian,0.0,12.9,
128.000,28,3,37,2,36,0,0,tte-aware,-5.76,-4.88,43.04,1128.00,1,0,63.706717,-3.300869,0.0,static,27.0,26.5,
129.000,16,2,38,1,37,0,0,tte-aware,-6.07,-1.70,43.34,20.00,1,0,46.600286,6.867612,27.6,vehicular,39.8,30.8,
129.000,21,3,37,2,36,0,0,tte-aware,-7.12,-3.79,36.96,1129.00,1,0,62.660356,2.873661,35.4,vehicular,26.6,21.7,
133.000,17,2,38,1,37,0,0,tte-aware,-6.03,-4.15,41.24,16.00,1,0,51.119605,1.720432,32.8,vehicular,26.7,26.1,
134.000,1,37,3,36,2,0,0,tte-aware,-6.97,-3.90,41.89,20.00,1,0,64.963924,-5.838255,2.3,pedestrian,32.5,28.0,
135.000,31,2,38,1,37,0,0,tte-aware,-2.23,1.09,58.46,54.00,1,0,42.111907,5.703147,0.5,pedestrian,66.0,39.2,
138.000,9,38,2,37,1,0,0,tte-aware,-100.00,-13.42,0.00,93.00,1,0,49.961199,19.638143,0.0,static,0.0,16.2,
139.000,27,2,38,1,37,0,0,tte-aware,-10.01,-4.31,37.30,1139.00,1,0,29.085409,-2.676930,0.0,static,21.3,23.7,
144.000,16,38,2,37,1,0,0,tte-aware,-8.81,1.78,55.99,15.00,1,0,46.596681,6.866320,27.6,vehicular,28.9,43.8,
146.000,19,3,48,2,47,0,0,tte-aware,-100.00,-17.03,0.00,1146.00,1,0,55.111534,32.880510,0.0,static,0.0,10.0,
146.000,28,37,3,36,2,0,0,tte-aware,-6.00,-3.13,43.24,18.00,1,0,63.706717,-3.300869,0.0,static,29.7,24.3,
147.000,15,2,38,1,37,0,0,tte-aware,-100.00,-10.87,0.00,1147.00,1,0,26.834154,-11.622594,20.6,vehicular,0.0,16.3,
148.000,2,3,48,2,47,0,0,tte-aware,-11.50,-4.80,37.27,1148.00,1,0,62.417300,30.782652,3.5,pedestrian,19.6,22.8,
149.000,1,3,37,2,36,0,0,tte-aware,-8.62,-3.35,53.70,15.00,1,0,64.964180,-5.838655,2.3,pedestrian,25.8,35.9,
149.000,17,38,2,37,1,0,0,tte-aware,-9.23,-2.97,48.75,16.00,1,0,51.122907,1.725780,32.8,vehicular,23.6,29.7,
149.000,21,37,3,36,2,0,0,tte-aware,-7.49,-4.01,37.82,20.00,1,0,62.658337,2.886806,35.4,vehicular,24.5,23.3,
150.000,4,3,48,2,47,0,0,tte-aware,-12.75,-2.74,32.65,1150.00,1,0,62.605938,26.761840,36.1,vehicular,21.4,21.3,
150.000,31,38,2,37,1,0,0,tte-aware,-3.66,3.78,81.76,15.00,1,0,42.111841,5.703169,0.5,pedestrian,38.2,69.0,
150.000,36,48,3,47,2,0,0,tte-aware,-7.03,-4.04,39.92,39.00,1,0,64.313673,33.606754,33.0,vehicular,29.5,22.2,
154.000,7,38,2,37,1,0,0,tte-aware,-5.18,-4.20,49.19,31.00,1,0,32.902036,-2.622221,0.0,static,40.1,28.9,
161.000,28,3,37,2,36,0,0,tte-aware,-12.03,-2.18,49.38,15.00,1,0,63.706717,-3.300869,0.0,static,22.2,32.8,
161.000,41,2,38,1,37,0,0,tte-aware,-15.21,-5.00,35.34,1161.00,1,0,28.816993,-10.266238,0.9,pedestrian,12.6,23.0,
165.000,36,3,48,2,47,0,0,tte-aware,-8.41,-2.40,44.18,15.00,1,0,64.317986,33.609287,33.0,vehicular,21.1,31.4,
166.000,44,38,2,37,1,0,0,tte-aware,-17.03,-4.77,36.98,101.00,1,0,55.371904,3.914963,82.0,hst,12.5,20.7,
169.000,7,2,38,1,37,0,0,tte-aware,-9.04,-1.36,58.15,15.00,1,0,32.902036,-2.622221,0.0,static,26.4,44.5,
173.000,21,3,37,2,36,0,0,tte-aware,-13.49,-3.73,42.00,24.00,1,0,62.655914,2.902578,35.4,vehicular,19.9,28.1,
173.000,25,38,2,37,1,0,0,tte-aware,-2.31,2.24,57.29,1173.00,1,0,43.608443,-6.162329,24.2,vehicular,48.5,42.5,
174.000,26,38,2,37,1,0,0,tte-aware,-3.46,0.66,47.21,1174.00,1,0,45.754521,-9.665955,1.2,pedestrian,33.8,31.1,
175.000,32,38,2,37,1,0,0,tte-aware,-15.53,-4.95,37.15,1175.00,1,0,51.172951,-12.213823,0.0,static,18.1,20.6,
176.000,8,38,2,37,1,0,0,tte-aware,-100.00,-11.19,0.00,131.00,1,0,56.332579,4.752331,0.0,static,0.0,19.8,
177.000,35,38,2,37,1,0,0,tte-aware,-12.58,-4.17,39.16,1177.00,1,0,54.638222,-2.079185,0.0,static,13.9,23.2,
179.000,37,3,48,2,47,0,0,tte-aware,-100.00,-18.00,0.00,1179.00,1,0,57.553146,25.754678,1.2,pedestrian,0.0,13.6,
179.000,39,3,37,2,36,0,0,tte-aware,-13.76,-4.28,37.43,1179.00,1,0,61.657748,7.729151,0.0,static,17.8,23.3,
181.000,11,38,2,37,1,0,0,tte-aware,-5.02,-4.78,33.51,1181.00,1,0,43.900889,-14.196107,81.7,hst,29.0,22.3,
186.000,10,38,2,37,1,0,0,tte-aware,-1.92,2.06,57.87,1186.00,1,0,42.845380,-6.672527,0.0,static,47.5,40.5,
186.000,22,38,2,37,1,0,0,tte-aware,-100.00,-14.09,0.00,1186.00,1,0,55.900938,-10.882693,20.2,vehicular,0.0,16.3,
189.000,47,2,38,1,37,0,0,tte-aware,-100.00,-12.17,0.00,1189.00,1,0,25.642092,7.591082,78.9,hst,0.0,15.5,
196.000,25,2,38,1,37,0,0,tte-aware,-3.65,1.13,50.87,23.00,1,0,43.613200,-6.160227,24.2,vehicular,42.6,41.6,
196.000,40,38,2,37,1,0,0,tte-aware,-15.30,-3.92,40.87,1196.00,1,0,55.569665,-7.235978,0.0,static,10.3,20.6,
200.000,11,2,38,1,37,0,0,tte-aware,-7.77,-1.85,38.55,19.00,1,0,43.914601,-14.192600,81.7,hst,22.5,26.6,
205.000,10,2,38,1,37,0,0,tte-aware,-3.91,1.04,60.58,19.00,1,0,42.845380,-6.672527,0.0,static,39.5,41.9,
206.000,42,3,48,2,47,0,0,tte-aware,-100.00,-14.65,0.00,1206.00,1,0,58.586200,17.405053,2.1,pedestrian,0.0,12.0,
207.000,29,2,38,1,37,0,0,tte-aware,-100.00,-17.16,0.00,1207.00,0,0,28.664826,14.202764,1.5,pedestrian,0.0,12.8,LowSINR
207.000,38,2,38,1,37,0,0,tte-aware,-15.72,-3.53,41.39,1207.00,1,0,30.841310,10.527324,0.0,static,15.4,20.3,
207.000,43,38,2,37,1,0,0,tte-aware,-12.21,-4.38,39.92,1207.00,1,0,54.465297,-10.166551,28.5,vehicular,10.4,21.3,
208.000,29,2,38,1,37,0,0,tte-aware,-100.00,-15.77,0.00,1208.00,0,0,28.664838,14.202758,1.5,pedestrian,0.0,12.8,LowSINR
209.000,29,2,38,1,37,0,0,tte-aware,-100.00,-12.75,0.00,1209.00,0,0,28.664850,14.202752,1.5,pedestrian,0.0,12.9,LowSINR
210.000,29,2,38,1,37,0,0,tte-aware,-100.00,-14.74,0.00,1210.00,1,0,28.664863,14.202746,1.5,pedestrian,0.0,12.9,
211.000,20,38,2,37,1,0,0,tte-aware,-7.31,-3.82,39.20,1211.00,1,0,44.899460,-15.527329,21.3,vehicular,21.7,20.6,
212.000,3,2,38,1,37,0,0,tte-aware,-5.04,-4.94,33.79,1212.00,1,0,34.314230,12.094747,69.7,hst,20.1,20.6,
216.000,22,2,37,1,36,0,0,tte-aware,-12.98,-3.76,28.10,30.00,1,0,55.899554,-10.892074,20.2,vehicular,19.3,21.0,
219.000,24,38,2,37,1,0,0,tte-aware,-8.62,-4.53,38.10,1219.00,1,0,47.051162,-15.792987,1.2,pedestrian,17.3,20.7,
220.000,25,38,2,37,1,0,0,tte-aware,-6.47,0.97,56.70,24.00,1,0,43.618163,-6.158032,24.2,vehicular,35.4,41.2,
221.000,11,38,2,37,1,0,0,tte-aware,-7.59,-3.99,37.47,21.00,1,0,43.929756,-14.188722,81.7,hst,24.0,22.4,
223.000,10,38,2,37,1,0,0,tte-aware,-4.76,0.57,41.54,18.00,1,0,42.845380,-6.672527,0.0,static,37.3,37.9,
238.000,14,49,13,48,12,0,0,tte-aware,-100.00,-16.54,0.00,1238.00,1,0,46.341955,36.997178,1.9,pedestrian,0.0,11.5,
241.000,48,2,38,1,37,0,0,tte-aware,-100.00,-9.95,0.00,1241.00,0,0,29.202542,10.259495,30.7,vehicular,0.0,20.7,LowSINR
242.000,48,2,38,1,37,0,0,tte-aware,-100.00,-6.04,0.00,1242.00,1,0,29.202488,10.259805,30.7,vehicular,0.0,20.8,
243.000,25,2,38,1,37,0,0,tte-aware,-5.62,-1.19,44.92,23.00,1,0,43.622919,-6.155929,24.2,vehicular,38.7,30.4,
245.000,40,2,37,1,36,0,0,tte-aware,-9.05,-4.32,41.09,49.00,1,0,55.569665,-7.235978,0.0,static,27.1,24.4,
248.000,10,2,38,1,37,0,0,tte-aware,-6.55,-2.46,40.99,25.00,1,0,42.845380,-6.672527,0.0,static,34.9,31.7,
248.000,22,37,2,36,1,0,0,tte-aware,-5.23,-4.08,40.91,32.00,1,0,55.898077,-10.902080,20.2,vehicular,25.9,22.8,
251.000,46,38,2,37,1,0,0,tte-aware,-100.00,-12.12,0.00,1251.00,1,0,49.368902,-17.911220,0.7,pedestrian,0.0,18.5,
252.000,11,2,38,1,37,0,0,tte-aware,-8.43,-3.66,33.98,31.00,1,0,43.952129,-14.182996,81.7,hst,21.6,20.4,
258.000,25,38,2,37,1,0,0,tte-aware,-6.74,0.59,49.73,15.00,1,0,43.626021,-6.154557,24.2,vehicular,27.6,36.7,
259.000,47,38,1,37,0,0,0,tte-aware,-5.97,-4.91,36.73,70.00,1,0,25.691307,7.597853,78.9,hst,21.8,21.5,
260.000,40,37,2,36,1,0,0,tte-aware,-7.04,-3.21,37.64,15.00,1,0,55.569665,-7.235978,0.0,static,26.9,29.4,
263.000,10,38,2,37,1,0,0,tte-aware,-6.25,-0.71,47.46,15.00,1,0,42.845380,-6.672527,0.0,static,28.8,32.9,
264.000,22,2,37,1,36,0,0,tte-aware,-9.56,-4.52,42.19,16.00,1,0,55.897339,-10.907083,20.2,vehicular,24.6,28.7,
277.000,40,2,37,1,36,0,0,tte-aware,-5.05,-4.26,48.59,17.00,1,0,55.569665,-7.235978,0.0,static,32.0,30.1,
277.000,43,2,37,1,36,0,0,tte-aware,-6.86,-4.19,42.53,70.00,1,0,54.462886,-10.197145,28.5,vehicular,29.3,26.7,
290.000,10,2,38,1,37,0,0,tte-aware,-5.36,-4.45,46.98,27.00,1,0,42.845380,-6.672527,0.0,static,29.2,24.2,
290.000,47,1,38,0,37,0,0,tte-aware,-8.72,-4.87,39.78,31.00,1,0,25.713103,7.600853,78.9,hst,25.3,24.4,
292.000,43,37,2,36,1,0,0,tte-aware,-8.22,-3.57,48.66,15.00,1,0,54.462370,-10.203700,28.5,vehicular,29.4,30.9,
293.000,40,37,2,36,1,0,0,tte-aware,-6.69,0.07,52.40,16.00,1,0,55.569665,-7.235978,0.0,static,33.5,34.5,
296.000,32,2,37,1,36,0,0,tte-aware,-7.82,-4.32,39.63,121.00,1,0,51.172951,-12.213823,0.0,static,29.3,20.7,
301.000,42,48,2,47,1,0,0,tte-aware,-13.28,-4.50,37.72,95.00,1,0,58.586379,17.408507,2.1,pedestrian,12.6,24.2,
305.000,10,38,2,37,1,0,0,tte-aware,-9.36,-3.88,39.91,15.00,1,0,42.845380,-6.672527,0.0,static,21.9,27.1,
310.000,40,2,37,1,36,0,0,tte-aware,-5.77,0.09,50.84,17.00,0,0,55.569665,-7.235978,0.0,static,37.1,37.6,T304Timeout
313.000,32,37,2,36,1,0,0,tte-aware,-9.83,-4.67,49.09,17.00,1,0,51.172951,-12.213823,0.0,static,23.1,29.6,
313.000,47,38,1,37,0,0,0,tte-aware,-5.39,-4.63,44.04,23.00,1,0,25.729274,7.603079,78.9,hst,26.2,28.4,
321.000,43,2,37,1,36,0,0,tte-aware,-3.10,-0.07,51.34,29.00,1,0,54.461371,-10.216374,28.5,vehicular,33.6,35.5,
325.000,40,2,37,1,36,0,0,tte-aware,-6.08,-0.42,59.66,32.00,1,0,55.569665,-7.235978,0.0,static,39.2,41.7,
327.000,22,37,2,36,1,0,0,tte-aware,-4.02,-0.86,46.19,63.00,1,0,55.894432,-10.926781,20.2,vehicular,43.2,31.3,
329.000,32,2,37,1,36,0,0,tte-aware,-7.64,-2.33,40.51,16.00,1,0,51.172951,-12.213823,0.0,static,29.5,25.5,
330.000,39,37,2,36,1,0,0,tte-aware,-5.43,-4.70,47.27,151.00,1,0,61.657748,7.729151,0.0,static,37.6,29.6,
340.000,43,37,2,36,1,0,0,tte-aware,-5.13,0.44,51.08,19.00,1,0,54.460717,-10.224677,28.5,vehicular,40.2,34.8,
344.000,32,37,2,36,1,0,0,tte-aware,-7.02,-4.24,44.01,15.00,1,0,51.172951,-12.213823,0.0,static,28.0,29.2,
345.000,47,1,38,0,37,0,0,tte-aware,-6.18,-4.18,46.12,32.00,1,0,25.751772,7.606176,78.9,hst,32.6,28.0,
346.000,22,2,37,1,36,0,0,tte-aware,-2.80,2.70,61.36,19.00,1,0,55.893556,-10.932721,20.2,vehicular,32.9,48.8,
348.000,21,37,2,36,1,0,0,tte-aware,-5.80,-3.48,48.94,175.00,1,0,62.638250,3.017548,35.4,vehicular,47.5,30.9,
351.000,46,2,37,1,36,0,0,tte-aware,-13.85,-4.30,36.48,100.00,0,0,49.369148,-17.912047,0.7,pedestrian,18.4,21.3,T304Timeout
355.000,43,2,37,1,36,0,0,tte-aware,-4.24,-0.84,56.00,15.00,1,0,54.460201,-10.231233,28.5,vehicular,35.4,44.4,
356.000,46,2,37,1,36,0,0,tte-aware,-14.58,-4.56,33.53,105.00,1,0,49.369161,-17.912089,0.7,pedestrian,18.3,21.8,
360.000,32,2,37,1,36,0,0,tte-aware,-5.55,-4.35,47.11,16.00,1,0,51.172951,-12.213823,0.0,static,28.6,30.9,
360.000,37,48,2,47,1,0,0,tte-aware,-13.92,-4.99,33.75,181.00,1,0,57.551227,25.754969,1.2,pedestrian,18.5,20.6,
360.000,39,2,37,1,36,0,0,tte-aware,-2.31,2.73,48.48,30.00,1,0,61.657748,7.729151,0.0,static,36.0,36.8,
360.000,47,38,1,37,0,0,0,tte-aware,-7.73,-1.35,50.80,15.00,1,0,25.762318,7.607628,78.9,hst,28.5,34.6,
361.000,5,49,48,48,47,0,0,tte-aware,-100.00,-13.61,0.00,1361.00,1,0,45.708929,32.069860,36.6,vehicular,0.0,10.1,
361.000,11,38,2,37,1,0,0,tte-aware,-100.00,-12.09,0.00,109.00,1,0,44.030793,-14.162846,81.7,hst,0.0,15.6,
362.000,48,38,1,37,0,0,0,tte-aware,-7.17,-4.90,37.06,120.00,1,0,29.195988,10.296962,30.7,vehicular,22.3,22.6,
364.000,21,2,37,1,36,0,0,tte-aware,-5.71,1.65,62.27,16.00,1,0,62.636635,3.028056,35.4,vehicular,34.3,45.4,
370.000,14,13,48,12,47,0,0,tte-aware,-100.00,-12.88,0.00,132.00,0,0,46.344173,36.997669,1.9,pedestrian,0.0,14.3,LowSINR
371.000,14,13,48,12,47,0,0,tte-aware,-100.00,-13.19,0.00,133.00,0,0,46.344190,36.997673,1.9,pedestrian,0.0,14.4,LowSINR
371.000,38,38,1,37,0,0,0,tte-aware,-8.19,-4.69,35.80,164.00,1,0,30.841310,10.527324,0.0,static,20.8,20.7,
372.000,14,13,48,12,47,0,0,tte-aware,-100.00,-14.23,0.00,134.00,1,0,46.344206,36.997676,1.9,pedestrian,0.0,14.5,
375.000,47,1,38,0,37,0,0,tte-aware,-5.11,-1.99,43.56,15.00,0,0,25.772865,7.609080,78.9,hst,36.4,28.8,HighSpeed
377.000,32,37,2,36,1,0,0,tte-aware,-6.03,-4.38,41.85,17.00,1,0,51.172951,-12.213823,0.0,static,34.2,27.6,
379.000,39,37,2,36,1,0,0,tte-aware,-5.57,-4.17,51.86,19.00,1,0,61.657748,7.729151,0.0,static,35.4,40.9,
381.000,24,2,37,1,36,0,0,tte-aware,-14.32,-3.60,36.18,162.00,1,0,47.049810,-15.791424,1.2,pedestrian,16.8,20.9,
388.000,28,37,2,36,1,0,0,tte-aware,-4.83,1.11,49.01,227.00,1,0,63.706717,-3.300869,0.0,static,46.6,32.9,
388.000,35,2,37,1,36,0,0,tte-aware,2.65,5.86,63.91,211.00,1,0,54.638222,-2.079185,0.0,static,60.5,51.5,
392.000,32,2,37,1,36,0,0,tte-aware,-7.88,-3.61,53.07,15.00,1,0,51.172951,-12.213823,0.0,static,26.6,37.5,
398.000,1,37,2,36,1,0,0,tte-aware,-5.32,-4.17,42.06,249.00,1,0,64.968428,-5.845284,2.3,pedestrian,39.0,29.1,
398.000,7,38,1,37,0,0,0,tte-aware,-2.07,3.45,40.71,229.00,1,0,32.902036,-2.622221,0.0,static,36.8,30.3,
400.000,6,2,1,1,0,0,0,tte-aware,-100.00,-16.92,0.00,1400.00,1,0,27.267324,20.303024,33.4,vehicular,0.0,10.0,
400.000,21,37,2,36,1,0,0,tte-aware,-1.85,1.20,59.02,36.00,1,0,62.633001,3.051697,35.4,vehicular,39.2,43.9,
403.000,28,2,37,1,36,0,0,tte-aware,-3.00,0.58,56.92,15.00,1,0,63.706717,-3.300869,0.0,static,36.0,42.3,
403.000,41,38,1,37,0,0,0,tte-aware,-7.55,-3.72,36.90,242.00,1,0,28.817325,-10.264101,0.9,pedestrian,38.6,27.5,
406.000,26,2,37,1,36,0,0,tte-aware,-10.58,-2.62,40.24,232.00,1,0,45.754583,-9.669476,1.2,pedestrian,18.4,23.6,
408.000,39,2,37,1,36,0,0,tte-aware,-4.09,0.10,49.44,29.00,1,0,61.657748,7.729151,0.0,static,49.8,32.4,
410.000,17,2,37,1,36,0,0,tte-aware,-4.70,-0.10,51.48,261.00,1,0,51.176763,1.813066,32.8,vehicular,44.6,35.6,
413.000,27,38,1,37,0,0,0,tte-aware,-0.45,2.74,64.79,274.00,1,0,29.085409,-2.676930,0.0,static,51.7,50.4,
415.000,1,2,37,1,36,0,0,tte-aware,-5.55,0.22,52.87,17.00,1,0,64.968718,-5.845737,2.3,pedestrian,32.1,34.8,
415.000,21,2,37,1,36,0,0,tte-aware,-1.23,4.10,46.79,15.00,1,0,62.631487,3.061547,35.4,vehicular,48.8,36.4,
416.000,7,1,38,0,37,0,0,tte-aware,-2.48,0.65,50.91,18.00,1,0,32.902036,-2.622221,0.0,static,34.1,32.6,
419.000,41,1,38,0,37,0,0,tte-aware,-6.46,-3.13,53.93,16.00,1,0,28.817347,-10.263959,0.9,pedestrian,28.9,36.1,
420.000,34,38,1,37,0,0,0,tte-aware,-7.18,-4.49,44.58,323.00,1,0,31.378698,-10.217558,79.9,hst,29.6,25.6,
423.000,4,48,2,47,1,0,0,tte-aware,-14.05,-3.92,42.99,273.00,1,0,62.679749,26.867784,36.1,vehicular,17.2,22.1,
423.000,39,37,2,36,1,0,0,tte-aware,-5.22,4.75,71.09,15.00,1,0,61.657748,7.729151,0.0,static,30.7,55.1,
426.000,17,37,2,36,1,0,0,tte-aware,-3.39,0.86,58.56,16.00,1,0,51.180065,1.818421,32.8,vehicular,38.6,40.0,
427.000,28,37,2,36,1,0,0,tte-aware,-5.35,2.36,56.20,24.00,1,0,63.706717,-3.300869,0.0,static,36.2,41.5,
430.000,21,37,2,36,1,0,0,tte-aware,-2.24,4.50,70.87,15.00,1,0,62.629972,3.071396,35.4,vehicular,33.7,54.2,
431.000,7,38,1,37,0,0,0,tte-aware,-4.07,0.27,54.64,15.00,1,0,32.902036,-2.622221,0.0,static,29.5,37.5,
431.000,11,2,37,1,36,0,0,tte-aware,-18.49,-4.79,38.76,70.00,1,0,44.081311,-14.149891,81.7,hst,10.8,21.3,
431.000,25,2,37,1,36,0,0,tte-aware,-16.00,-4.12,31.02,173.00,1,0,43.661797,-6.138732,24.2,vehicular,14.4,22.2,
432.000,1,37,2,36,1,0,0,tte-aware,-4.09,-0.60,48.16,17.00,1,0,64.969008,-5.846190,2.3,pedestrian,31.1,35.2,
437.000,41,38,1,37,0,0,0,tte-aware,-5.12,-0.50,45.69,18.00,1,0,28.817372,-10.263800,0.9,pedestrian,33.3,30.2,
442.000,28,2,37,1,36,0,0,tte-aware,-4.06,-0.04,47.25,15.00,1,0,63.706717,-3.300869,0.0,static,45.2,32.8,
442.000,34,1,38,0,37,0,0,tte-aware,-6.33,-3.66,41.68,22.00,1,0,31.394020,-10.213092,79.9,hst,27.8,26.3,
443.000,17,2,37,1,36,0,0,tte-aware,-4.70,-0.62,60.84,17.00,1,0,51.183572,1.824110,32.8,vehicular,35.7,41.6,
444.000,16,2,37,1,36,0,0,tte-aware,-7.91,-2.93,34.07,300.00,1,0,46.524585,6.840501,27.6,vehicular,21.1,22.2,
446.000,29,38,1,37,0,0,0,tte-aware,-16.82,-4.11,35.99,236.00,1,0,28.667776,14.201344,1.5,pedestrian,12.6,20.8,
448.000,20,2,37,1,36,0,0,tte-aware,-100.00,-11.95,0.00,237.00,1,0,44.871621,-15.476877,21.3,vehicular,0.0,24.4,
452.000,33,38,1,37,0,0,0,tte-aware,-18.21,-3.72,38.92,347.00,1,0,39.432590,-3.521291,0.0,static,11.9,20.9,
455.000,10,2,37,1,36,0,0,tte-aware,-13.47,-3.89,42.51,150.00,1,0,42.845380,-6.672527,0.0,static,10.7,23.8,
456.000,41,1,38,0,37,0,0,tte-aware,-6.59,-0.84,46.86,19.00,1,0,28.817398,-10.263633,0.9,pedestrian,31.2,30.3,
457.000,28,37,2,36,1,0,0,tte-aware,-7.10,1.36,61.29,15.00,1,0,63.706717,-3.300869,0.0,static,29.8,48.9,
458.000,3,38,1,37,0,0,0,tte-aware,-100.00,-5.89,0.00,246.00,1,0,34.465690,12.129351,69.7,hst,0.0,21.2,
459.000,34,38,1,37,0,0,0,tte-aware,-7.16,-4.55,45.52,17.00,1,0,31.405860,-10.209640,79.9,hst,23.9,29.3,
465.000,17,37,2,36,1,0,0,tte-aware,-4.57,-0.30,45.63,22.00,1,0,51.188112,1.831473,32.8,vehicular,45.1,30.8,
469.000,15,38,1,37,0,0,0,tte-aware,-7.98,-4.95,34.93,322.00,1,0,26.878375,-11.667342,20.6,vehicular,29.6,27.2,
471.000,41,38,1,37,0,0,0,tte-aware,-6.01,-3.30,45.86,15.00,1,0,28.817419,-10.263500,0.9,pedestrian,28.0,31.7,
472.000,44,2,37,1,36,0,0,tte-aware,-4.49,-0.60,58.49,306.00,1,0,55.589014,4.022217,82.0,hst,49.3,41.4,
473.000,31,2,37,1,36,0,0,tte-aware,-100.00,-10.49,0.00,323.00,1,0,42.110420,5.703649,0.5,pedestrian,0.0,18.1,
481.000,17,2,37,1,36,0,0,tte-aware,-5.01,2.28,67.12,16.00,1,0,51.191414,1.836829,32.8,vehicular,27.7,47.1,
488.000,44,37,2,36,1,0,0,tte-aware,-4.44,-0.05,62.78,16.00,1,0,55.600366,4.027842,82.0,hst,39.6,44.1,
489.000,2,48,2,47,1,0,0,tte-aware,-13.03,-4.16,37.22,341.00,1,0,62.407543,30.791799,3.5,pedestrian,15.1,22.4,
495.000,49,49,48,48,47,0,0,tte-aware,-100.00,-13.07,0.00,1495.00,0,0,39.183387,33.776815,0.0,static,0.0,10.0,LowSINR
496.000,33,1,37,0,36,0,0,tte-aware,-7.87,-4.08,36.44,44.00,1,0,39.432590,-3.521291,0.0,static,27.7,20.9,
496.000,49,49,48,48,47,0,0,tte-aware,-100.00,-15.89,0.00,1496.00,0,0,39.183387,33.776815,0.0,static,0.0,10.1,LowSINR
497.000,49,49,48,48,47,0,0,tte-aware,-100.00,-15.87,0.00,1497.00,0,0,39.183387,33.776815,0.0,static,0.0,10.1,LowSINR
498.000,15,1,38,0,37,0,0,tte-aware,-6.51,-3.74,45.60,29.00,1,0,26.882358,-11.671373,20.6,vehicular,26.5,26.0,
498.000,49,49,48,48,47,0,0,tte-aware,-100.00,-16.22,0.00,1498.00,1,0,39.183387,33.776815,0.0,static,0.0,10.2,
500.000,47,1,38,0,37,0,0,tte-aware,-5.47,-4.28,35.65,140.00,1,0,25.860750,7.621187,78.9,hst,36.2,22.4,
503.000,45,38,1,37,0,0,0,tte-aware,-100.00,-13.45,0.00,391.00,0,0,31.675367,-18.546478,1.5,pedestrian,0.0,14.4,LowSINR
504.000,45,38,1,37,0,0,0,tte-aware,-100.00,-15.66,0.00,392.00,0,0,31.675361,-18.546464,1.5,pedestrian,0.0,14.4,LowSINR
505.000,45,38,1,37,0,0,0,tte-aware,-100.00,-13.01,0.00,393.00,0,0,31.675356,-18.546449,1.5,pedestrian,0.0,14.4,LowSINR
506.000,45,38,1,37,0,0,0,tte-aware,-100.00,-15.69,0.00,394.00,0,0,31.675351,-18.546434,1.5,pedestrian,0.0,14.4,LowSINR
507.000,45,38,1,37,0,0,0,tte-aware,-100.00,-14.30,0.00,395.00,0,0,31.675345,-18.546419,1.5,pedestrian,0.0,14.4,LowSINR
508.000,44,2,37,1,36,0,0,tte-aware,-4.35,1.45,58.45,20.00,1,0,55.614556,4.034874,82.0,hst,38.5,36.9,
508.000,45,38,1,37,0,0,0,tte-aware,-100.00,-15.29,0.00,396.00,1,0,31.675340,-18.546405,1.5,pedestrian,0.0,14.5,
512.000,33,37,1,36,0,0,0,tte-aware,-9.65,2.03,49.39,16.00,1,0,39.432590,-3.521291,0.0,static,23.2,30.6,
514.000,15,38,1,37,0,0,0,tte-aware,-7.02,-4.82,37.10,16.00,1,0,26.884555,-11.673597,20.6,vehicular,24.0,25.7,
514.000,36,48,2,47,1,0,0,tte-aware,-13.43,-4.92,36.72,349.00,1,0,64.418313,33.668344,33.0,vehicular,12.6,21.3,
515.000,47,38,1,37,0,0,0,tte-aware,-11.01,-1.86,48.96,15.00,1,0,25.871296,7.622641,78.9,hst,21.1,34.4,
522.000,31,37,1,36,0,0,0,tte-aware,-5.78,-4.73,37.81,49.00,1,0,42.110205,5.703722,0.5,pedestrian,23.1,23.1,
527.000,0,48,13,47,12,0,0,tte-aware,-16.00,-4.68,35.69,422.00,1,0,64.887392,35.953442,0.0,static,12.0,21.4,
533.000,44,37,2,36,1,0,0,tte-aware,-2.31,1.74,46.80,25.00,1,0,55.632294,4.043669,82.0,hst,33.1,32.6,
540.000,31,1,37,0,36,0,0,tte-aware,-5.36,-4.10,39.19,18.00,1,0,42.110126,5.703749,0.5,pedestrian,25.8,25.0,
542.000,8,2,37,1,36,0,0,tte-aware,-7.45,-2.38,45.31,366.00,1,0,56.332579,4.752331,0.0,static,33.3,29.1,
544.000,0,13,2,12,1,0,0,tte-aware,-9.80,-4.77,40.77,17.00,1,0,64.887392,35.953442,0.0,static,21.8,20.9,
544.000,22,37,2,36,1,0,0,tte-aware,-7.52,-4.41,41.50,198.00,1,0,55.884420,-10.994618,20.2,vehicular,38.6,22.4,
548.000,44,2,37,1,36,0,0,tte-aware,-10.50,-0.12,43.07,15.00,1,0,55.642937,4.048948,82.0,hst,29.5,30.8,
556.000,13,2,37,1,36,0,0,tte-aware,-100.00,-14.73,0.00,1556.00,0,0,48.015317,16.956961,77.4,hst,0.0,15.2,LowSINR
557.000,13,2,37,1,36,0,0,tte-aware,-100.00,-17.16,0.00,1557.00,0,0,48.015997,16.957178,77.4,hst,0.0,15.2,LowSINR
558.000,13,2,37,1,36,0,0,tte-aware,-100.00,-16.18,0.00,1558.00,1,0,48.016677,16.957396,77.4,hst,0.0,15.2,
559.000,22,2,37,1,36,0,0,tte-aware,-8.97,-1.21,48.15,15.00,1,0,55.883728,-10.999307,20.2,vehicular,20.7,35.0,
560.000,31,37,1,36,0,0,0,tte-aware,-7.78,-4.87,44.64,20.00,1,0,42.110038,5.703779,0.5,pedestrian,27.0,29.1,
560.000,33,1,37,0,36,0,0,tte-aware,-5.91,-0.99,51.67,48.00,1,0,39.432590,-3.521291,0.0,static,41.4,31.8,
562.000,8,37,2,36,1,0,0,tte-aware,-5.43,-4.60,42.00,20.00,1,0,56.332579,4.752331,0.0,static,26.3,29.1,
565.000,44,37,2,36,1,0,0,tte-aware,-5.16,-4.98,44.63,17.00,1,0,55.654998,4.054932,82.0,hst,28.2,26.4,
575.000,30,2,1,1,0,0,0,tte-aware,-100.00,-14.36,0.00,1575.00,0,0,36.592138,22.859597,28.5,vehicular,0.0,10.0,LowSINR
575.000,33,37,1,36,0,0,0,tte-aware,-2.39,3.13,58.10,15.00,1,0,39.432590,-3.521291,0.0,static,35.0,45.5,
576.000,30,2,1,1,0,0,0,tte-aware,-100.00,-18.28,0.00,1576.00,1,0,36.592141,22.859278,28.5,vehicular,0.0,10.0,
580.000,31,1,37,0,36,0,0,tte-aware,-5.73,-4.81,49.12,20.00,1,0,42.109950,5.703808,0.5,pedestrian,32.8,28.9,
581.000,0,2,13,1,12,0,0,tte-aware,-9.83,-3.24,28.63,37.00,1,0,64.887392,35.953442,0.0,static,22.3,21.9,
581.000,44,2,37,1,36,0,0,tte-aware,-10.65,-3.93,43.95,16.00,1,0,55.666350,4.060566,82.0,hst,23.8,25.9,
585.000,8,2,37,1,36,0,0,tte-aware,-5.30,-3.04,39.84,23.00,1,0,56.332579,4.752331,0.0,static,25.0,23.3,
585.000,9,2,37,1,36,0,0,tte-aware,-100.00,-17.99,0.00,447.00,1,0,49.961199,19.638143,0.0,static,0.0,11.9,
